"id","glk_word","glk_example","en_word","en_example"
1,"آ","آ مأمۊد خؤرم آدمه","Mr.","Mr. Mahmoud is a good person"
2,"آب دأن درم","گۊلانأ آب دأن درم","Watering","I'm watering the flowers"
3,"آبدۊ","آبدۊ کشئن دره","Yawning","He/She is yawning"
4,"آج","آج بأورده","Insatiable","He/She is insatiable"
5,"آجۊر","آجۊر ديفار ٚ جأ کفتن دره","Brick","The brick is falling from the wall"
6,"آخربسر","من کي دأنم آخربسر وا بأئي مي ويجأ","Finally","I know that you finally must come to me"
7,"آخرپس","شانامه آخرپس خۊشه","End","The end of Shahnameh is happy"
8,"آدم-نفر","شيمي آدم -نفران کؤيأ ايسأئيد؟","Member","Where are your members?"
9,"آشخال جابه","آشخالانأ تأود آشخال جابه","Trash Bin","Throw garbage in the trash bin"
10,"آلاخان والاخان","آلاخان والاخاني جأ بئتره","Homeless","It is better than being homeless"
11,"آها","آها، منم أيم","Yes","Yes, I come too"
12,"آهين","مي دۊکان آهين پۊرد ٚ ور نهأ","Iron","My shop is next to the iron bridge"
13,"آوج","هرچي زنگ بزئم آوجأ ندأ","Answer","Whatever I called he/she didn't answer"
14,"ارجئن ارجئن","﻿کاغذانأ همهˈ ارجئن ارجئنأ کۊده","Shred","He/She shred all the papers"
15,"اي","اي ميليۊن تۊمۊن پۊل خأیم","One","I need one million Tomans cash"
16,"اي فچم","ترأ بيدينم اي فچم ماچي دهم","A Lot","If I see you I'll give you a lot of kisses"
17,"اي وخت","اي وخت پۊر ترأ خأستيم","Once","I once wanted you so much"
18,"اي ور","أن ٚ رختان هرتأ اي ور کفته","One Corner","Each one of his/her clothes lies in one corner"
19,"اي وري","أ تابلؤ چي ره اي وري نهأ؟","Crooked","Why is this board crooked?"
20,"اي پئم","اي پئم سيبيشکا مرأ فأدي؟","A Fistful","Will you give me a fistful of sunflower seeds?"
21,"ايتأ","ايتأ کاغذ مرأ فأدن","A","Give me a paper"
22,"ايجانا","من ؤ ميعاد ايجانا بۊشؤئيم بيرۊن","Together","Miad and I went out together"
23,"ايدانه","ايدانه کۊئي خأيم","One","I want one pumpkin"
24,"ايدفأ","ايدفأ بامؤم شيمي خانه","Once","I once came to your home"
25,"ايدفأئي","ناصر ايدفأئي بامؤ اۊتاق ٚ دۊرۊن","Suddenly","Naser suddenly entered the room"
26,"ايدقه","ايدقه بئس","A Minute","Wait a minute"
27,"ايرۊز","ايرۊز دئه بمانسته مي تعطيلي-يان تۊمانأ به","One Day","One day remains until my holidays end"
28,"ايزه","ايزه بۊشۊ اۊشنتر","A Little Bit","Move over a little bit"
29,"ايسأبيد","ديشب همه أمي خانه ايسابيد","They Were","They were all in our house last night"
30,"ايستۊل","أشأن چۊب ٚ جأ ایستۊل چأکۊنيد","Chair","They make chair out of wood"
31,"ايسم","تي ايسم چيسه؟","Name","What's your name?"
32,"ايسيد؟","شۊمان چن نفر ايسيد؟","Are You?","How many people are you?"
33,"ايسکمۊ","بۊشۊ دۊکان دۊتا ايسکمۊ بيهين","Ice Pop","Go to the shop and buy two ice pops"
34,"ايشتاو","هأی أمرأ ايشتاو ديهه","Warning","He/She constantly warning us"
35,"ايشتاوي","ايشتاوي چي گمه؟","Do You Hear","Do you hear what I'm saying?"
36,"ايششه","ايششه، لانتي","Ew","Ew, snake"
37,"ايشماردن","مي زأى ايشماردنأ نأنه","Count","My kid doesn't know how to count"
38,"ايشکؤر","کيشکائان ٚ رئم ايشکؤر فۊکۊن","Rice Crumbs","Sprinkle rice crumbs for chickens too"
39,"ايشکنئن","چي-يأ ايشکنئن دري؟","Break","What are you breaking?"
40,"ايمرۊ","ايمرۊ بۊشؤم کيتابخانه","Today","Today I went to the library"
41,"اينسان","اينسان بۊبۊ","Human","Be human"
42,"ايوار ايوار","ايوار ايوار شئطان مرأ گه…","Occasionally","Occasionally, Satan tells me…"
43,"ايواردم","ايواردم وا بشم بازار","Once Again","I have to go to the market once again"
44,"ايوارٚکي","ايوارٚکي بۊگۊ نأيم ترأ راحتأ کۊن","Suddenly","Suddenly say I'm not comming and get rif of yourself"
45,"ايپيچم","گۊش نۊکۊني ايپيچم ترأيأ","I'll be aggressive","I'll be aggressive if you don't pay attention"
46,"ايپچه","ايپچه پلا مه ره دۊکۊن","A little bit","Serve me a little bit of rice"
47,"ايچي","ايچي خأيم ترأ بگم","Something","I want to tell you something"
48,"اۊتاق","مي اۊتاق کؤيتأ ايسه؟","Room","Which one is my room?"
49,"اۊدۊشتن","سۊمبۊر ٚ مأنستن أمي خۊنأ اۊدۊشتن دريد","Suck","They're sucking our blood like a leech"
50,"اۊرشين","کترأيأ اۊسادم قاتؤقا اۊرشين بزئم","Stir","I picked up wooden spoon and stir the stew"
51,"اۊسان","قاقؤشاقانأ اۊسان بأور","Pick Up","Pick up the spoons and bring them"
52,"اۊسه کۊد","أ کيتابأ کي اۊسه کۊد؟","Sent","Who sent this book?"
53,"اۊشان","اۊشان کيسيد؟","They","Who are they?"
54,"اۊشکؤفت","آب مرأ اۊشکؤفت","Choked","I choked on water"
55,"اۊن","اۊن چيسه؟","That","What is that?"
56,"اۊيأ","مهين ٚ کيف اۊيأ نهأ","Over There","Mahin's Bag is over there"
57,"اۊچين","تي کيتابانأ اۊچين","Collect","Collect your book"
58,"اۊکۊف","أمه ره اۊکۊف دره","Presage","It has presage for us"
59,"أ","شۊفاژأ چأکۊدي؟","The","Did you repair the radiator?"
60,"أتؤ","أتؤ نيه","Like This","It's not like this"
61,"أجۊر","أجۊر چي-يان مرأ حالي نيه","Such","I don't understand such things"
62,"أذب","مي برار أذبه","Single","My brother is single"
63,"أرايم","أرايم بيأ","This Way Too","Come this way too"
64,"أرسۊ","تي أرسۊئانأ پاکۊن","Tear","Wipe your tears"
65,"أزازيل","أ أزازيل ٚ زاکانأ فأندر","Very Naughty","Look at these very Naughty kids"
66,"أسباب","ايپچه أسباب بأورم بۊخۊري؟","Snack","Should I get you some snack to eat?"
67,"أشان","أشان کي أمؤن دريد کيسيد؟","They","Who are they coming?"
68,"أشبل","مائي أشبل ٚ مرأ کۊکۊ چأکۊنيدي","Fish Egg","They make cutlet with fish egg"
69,"أغۊز","أغۊز خۊري؟","Walnut","Do you eat walnut?"
70,"ألؤغ","باغ ٚ مئن ایتأ ألؤغ بیدئم","Eagle","I saw an eagle in the garden"
71,"ألاو","هوا سرده أمي دهنأ ألاو بيرۊن أيه","Steam","It's cold that steam come from our mouth"
72,"ألباقي","شير ٚ ألباقي-يأ دۊکۊن جا دۊرۊن","Remaining","Pour the remaining milk into the dish"
73,"ألنگ","مرأ ألنگ بزه بکفتم","Trip","He/She tripped me and I fell"
74,"أمأن","أمأن دۊ نفريم","We","We are two people"
75,"أمؤن","ورزشگا جأ أمؤن درم","Coming","I'm coming from the stadium"
76,"أمبست","أ دؤغ پۊر أمبسته","Thick","This yogurt is very thick"
77,"أمرأ","من تي أمرأ أيم","With","I'm coming with you"
78,"أمي","شۊمانم أمي أمرأ أئيدي؟","Us","Are you also come with us?"
79,"أن","أن چيسه؟","This","What is this?"
80,"أنديفه","أ ساعت چارصد تۊمۊن أنديفه دأره؟","Worth","Is this watch worth four handred Tomans?"
81,"أنگاره","چي ره أنقد أنگاره بيده-ئي؟","Prepare","Why did you prepare this much?"
82,"أوانگاره","هأچين أمه ره أوانگاره بيده-ئيم","Trouble","We made trouble for ourselves because of nothing"
83,"أوري","مي کافشينأ أوري؟","Would You Bring","Would you bring me my jacket?"
84,"أولي","تي أولي زاکه؟","First","Is this your first child?"
85,"أوير","مي ساعتأ أويرأ کۊدم","Lost","I lost my watch"
86,"أويستي","أشان دۊتا أويستي-يأ مأنيدي","Rival Wives","These two look like someone's rival wives"
87,"أيأ","تي کيليدانأ أيأ بنأ بۊم","Here","You left your keys here"
88,"أياز","أياز بينيشته گۊلان ٚ سر","Dew","There's dew on the flowers"
89,"أپچ","أن خۊج أپچه","Tasteless","This wild pear is tasteless"
90,"أژدم","تي پلا أژدمه","Very Salty","Your rice is very salty"
91,"أکه","أکه تأنيم بازي بۊکۊنيم؟","When","When can we play?"
92,"بأور","بۊشۊ مي کيفأ بأور","Bring It","Go Bring my bag"
93,"بؤبؤسته","أ پلا دئه بؤبؤسته","Ready","The rice is ready"
94,"بؤبؤسته","چي بؤبؤسته؟","Hppened","What has been happened?"
95,"بؤبؤسته","مهسا مرد ٚ ره بؤبؤسته","Married (With a Man)","Mahsa married"
96,"بؤرسفته","مي کيف ٚ بند بؤرسفته","Torn","My bag's handle is torn"
97,"بؤرسن","دئه بؤرسن","Stop","Stop it"
98,"بؤق","ماشين ٚ شيشه بؤق بۊکۊده","Steam","Car's glass has been steamed"
99,"بئس","ايمشبأ أمي خانه بئس","Stay","Stay in our house tonight"
100,"بئس","ايپچه بئس","Wait","Wait a little bit"
101,"بئگان","هۊيأ بئگان","Throw","Throw it there"
102,"باتم","آخربسر خۊ باتمأ فأرسأ","Comeuppance","He/She got his/her comeuppance in the end"
103,"بار بامؤئيد","گيلکان نترس بار بامؤئيد","Are Trained","Gileks are trained to be brave"
104,"باش","خۊ پيله برارأ باشه","Dominant","He/She is dominant over his/her older brother"
105,"باقي بمأنسته","أن ٚ باقي بمانسته    ٰ چي بۊکۊنم؟","Remaining","What shuld I do with the remaining?"
106,"بال","مي بالأ بيگير","Hand","Take my hand"
107,"بال زئن","أن ٚ پئر أنأ بال بزه","Support","His/her father supported him/her"
108,"بالاخا","أمي بالاخا ويريشته","Stood Up","He/She stood up for us"
109,"بامؤخته","بامؤخته آدمأ همه دۊس دأريدي","Polite","Everyone loves a polite person"
110,"بامؤختي","اۊشاني کي بۊگؤفتمه بامؤختي؟","Did You Learn","Did you learn what I said?"
111,"ببه","أگه أتؤ ببه","Be","If it be like this"
112,"ببه","من گب خبربري نۊکۊنم هرچي خأيه ببه بدأ ببه","Be","I don't gossip whatever it is let it be"
113,"بتپسته","يخچال أسباب ٚ جأ بتپسته-يه","Full","The fridge is full of things"
114,"بج","ايمسال بج گيرانأ بؤسته","Rice","Rice has become expensive this year"
115,"بجار","أگه کاري نۊکۊنيم أمي بجاران همه دس جه شيدي","Rice Field","If we don't do anything all of our rice fields will be gone"
116,"بجارکار","بجارکار کۊدن دره","Farming (on Rice Field)","He/She is farming on the rice field"
117,"بجاوسته","کي خۊ بجاوسته آدامسأ تاودأ خيابان ٚ دۊرۊن؟","Chewed","Who threw his/her chewed gum in the street?"
118,"بجسته","مي دس ٚ رگ بجسته","Prominent","The veins on my hand got prominent"
119,"بخألي","بخألي آخري سال ببه","I Guess","I guess it's the last year"
120,"بدأ","بدأ بيدينم چي تأنم بۊکۊنم","Let Me","Let me see what can I do"
121,"بدگيل","أ ويلایان چندي بدگيل ايسيد","Ugly","These villas are so ugly"
122,"برأر","مي برار بۊشؤ ايجباري","Brother","My brother has gone to military"
123,"برار زن","أفشين ٚ برارزن مي ريفئقه","Sister in Law (Brother's Wife)","Afshin's sister in law is my friend"
124,"برارزا","مي برارزا بۊشؤ مٚدٚرسه","Nephew/Niece (Brother's Child)","My nephew has gone to school"
125,"بردن","تقي زن ببرده","Married (With Woman)","Taghi married"
126,"برسه","أ خۊرمالۊئان برسه","Ripe","These persimmons are ripe"
127,"بزن بزن","ديرۊ أمي کۊچه سر بزن بزن بۊ","Fight","There was a fight in our alley yesterday"
128,"بسته","بسته کۊني؟","Bet","Do you bet?"
129,"بسر تأودأ","مأمد مرأ بسر تأودأ بشم بانک","Reminded me","Mohammed reminded me to go to the bank"
130,"بسر دکفتم","بسر دکفتم ايمسال بشم دانشگا","I Decided","I decided to go to university this year"
131,"بسچي","بسچي کي أيم","Definitely","I'll definitely come"
132,"بشکفت","ورف ٚ سينگيني جأ أ دار بشکفت","Broke","Because of heavy snow this tree broke"
133,"بل","أن ٚ بل بل ٚ گۊشأ فأندر","Protruding","Look at his/her protruding ears"
134,"بمأنستم","دئه بمأنستم","I'm Exhausted","I'm exhausted"
135,"بمأنسته","أ نان بمانسته-يه","Stale","This bread is stale"
136,"بمرده","کؤرؤنا وأسي دأني چن نفر بمرده؟","Dead","Do you know how many people are dead because of Corona?"
137,"بنأ اۊسان","آدم وا خۊ بنأ اۊسانأ بدأنه","Lifestyle","One must know his/her own lifestyle"
138,"بندام","بندام ٚ آدم ٚ مرأ نوأسي نيشتن","Infamous","Should not communicate with the infamous person"
139,"بنماسته","خؤرأ أمرأ بنماسته","Showed","He/She showed himself/herself to us"
140,"بنه","تي ماشينأ هأيأ بنه","Leave","Leave your car right here"
141,"به","أ راديؤ چأکۊده به؟","Will Be","Will this radio be fixed?"
142,"به زرف","پئله-يأ به زرف بزه زيمين بشکنه","Very Hard","He/She throw the saucer very hard on the ground and broke it"
143,"به فسکأ دأ","أمرأ به فسکأ دأ","Exposed","He/She exposed us"
144,"بي","تۊ ناصر ٚ أمرأ بي","You Whre","You where with Naser"
145,"بي","مي أمرأ ريفئقأ بي؟","Will You","Will you be my friend?"
146,"بي شناق","بعضي-يان پۊر بي شناقيد","Ungrateful","Some people are very ungrateful"
147,"بي پا","گيلان ٚ بجاران همه بي پا بؤستن دريد","Destroyed","All of Gilan's rice fields are being destroyed"
148,"بي پۊشت","خۊدا بۊکۊنه هي کس بي پۊشت نبه","Alone","May no one be alone"
149,"بي چنگ ؤ مۊشت","آدم نوأ بي چنگ ؤ مۊشت ببه","Incapable","One must not be incapable"
150,"بياره","هرکي وا بياره خۊ گبأ بزنه","Dare","Everyone should dare to tell his/her words"
151,"بيافتي","وأمج ولکي بيافتي","You Found It","Search it maybe you found it"
152,"بيبيشته","بيبيشته بج خأيم","Fried","I want fried rice"
153,"بيجير","بيأ بيجير","Down","Come down"
154,"بيرۊن","بۊشۊ بيرۊن","Out","Get out"
155,"بيسپاردم","مرجانأ بيسپاردم","I Assigned","I assigned Marjan"
156,"بينا کۊده","سعيد ديرۊ تا هسأ بينا کۊده درز خأندن","Started","Saeed started to study from yesterday until now"
157,"بينيش","أيأ بينيش","Sit Down","Sit down Here"
158,"بينيويشته-کس","أ کيتاب ٚ بينيويشته-کس کيسه؟","Writer","Who is the writer of this book?"
159,"بيچه-ئي","اۊ کۊنۊسأ بيچه-ئي؟","Pick","Did you pick that common medlar?"
160,"بيگيفت","مي پۊلأ بيگيفت","Took","He/She took my money"
161,"بٚسٚر","چار ما بسر وا بشم پاریس","In Between","Four months in between I have to go to Paris"
162,"بچمسته","أنقد بجارکار بۊکۊدد أشان ٚ کمر بچمسته دأره","Bent","They worked too much in the rice fields that their backs got bent"
163,"بچنگأ دأ","خۊ پۊلانأ همهˈ بچنگأ دأ","He/She Lost","He/She lost all his/her money"
164,"بچکسته","کارن بچکسته فني کاران ٚ ره","Worthy","Karen is worthy for technical work"
165,"بچۊک","وحيدأ بيدئم بچۊک نيشته بۊ","Squat","I saw Vahid was sitting in squat"
166,"بکأشته","أ گۊلانأ حسن بکأشته","He/She Planted","Hasan planted these flowers"
167,"بکشه-ئي","چي بکشه-ئي؟","You Drew","What did you draw?"
168,"بکشه-ئي","أشانأ بکشه-ئي","You Weighed","You weighed these"
169,"بکفت","زأی دار ٚ جه بکفت","He/She Fell","The kid fell from the tree"
170,"بکفته راشي","أرأ شؤن نوأ بکفته راشي-يه","Abandoned Road","Don't go this way it is an abandoned road"
171,"بگردستيد","أول أمرأ بگردستيد","They Inspected","They inspected us first"
172,"بگشت","نأنم چي مرأ بگشت","Bit","I don't know what bit me?"
173,"بگنسته","أغۊز بگنسته مي سرأ","Hit","Walnut hit my head"
174,"بگيلأ کۊن","أ گبانأ هأيأ بگيلأ کۊن","Bury","Bury these words right here"
175,"بۊ","تي کار بۊ؟","Was/Were","Was it your job?"
176,"بۊجؤر","بۊشۊ بۊجؤر","‌Up","Go up"
177,"بۊجؤر اۊتاق","زاکانأ ببر بۊجؤر اۊتاق","The Room Upstairs","Take the kids to the room the upstairs"
178,"بۊخۊس","دئره، بۊشۊ بۊخۊس","Sleep","It's late, go to sleep"
179,"بۊدۊج","تأني مي پرهنأ بۊدۊجي؟","Sew","Can you sew my shirt?"
180,"بۊدۊرۊن","بۊشۊ بۊدۊرۊن","Inside","Go inside"
181,"بۊرۊز","تي فسکأ بۊرۊز دأن نوأ","Reveal","Don't reveal your secret"
182,"بۊز","مي پا بۊز مرأ در کۊنه","Heel","The heel of my foot hurts"
183,"بۊسۊجانه","غذايأ همهˈ بۊسۊجانه","Burned","He/She burned all the food"
184,"بۊشؤستم","تي رختانأ بۊشؤستم","I Washed","I washed your clothes"
185,"بۊفۊرؤختم","مي گۊشي-يأ تازگي-يان بۊفرؤختم","I Sold","I sold my phone recently"
186,"بۊچۊلکسته","أمي باغچه گۊلان بۊچۊلکسته","Withered","Our garden's flowers have withered"
187,"بۊک بۊکۊده","ايمرۊ چي ره بۊک بۊکۊده-ئي؟","Despondent","Why are you despondent today?"
188,"بۊکۊشيد","أشان خأئيد همه    ٰ بۊکۊشيد","Kill","They want to kill everybody"
189,"بۊگرؤختيم","صابخانه کي بامؤ أمان بۊگرؤختيم","We Ran Away","When the house owner came we ran away"
190,"بۊگۊ بيشتاو","شيمي بۊگۊ بيشتاوأ نيشتاوستم","Conversation","I didn't hear your conversation"
191,"بۊگۊ مۊگۊ","مي دۊماغ خارش کۊنه بۊگۊ مۊگۊيه","Gossiping","My nose itches someone gossiping about me"
192,"پئر","مي پئر بۊشؤ کار ٚ سر","Father","My father went to work"
193,"پئر ؤ مأر","مي پئر ؤ مأر بخانه نئسائيد","Parents","My parents aren't home"
194,"پئر ٚ زن","همه-تا پئر ٚ زنان کي بد ني-ئيد","Step Mother","Not all step mothers are bad"
195,"پئله","چائي-يأ دۊکۊن پئله دۊرۊن","Saucer","Pour the tea inside the saucer"
196,"پئنج","پئنج تا نان خأيم","Five","I want five breads"
197,"پئنجا","زري-يم خۊ پئنجا ريالأ فأدأ","Fifty","Zary also paid her own fifty Rials"
198,"پا تۊک","تي پا تۊک ٚ سر بئس خانه دۊرۊنأ فأندر","Toe","Stand on your toes and look inside the house"
199,"پابرانده","پابرانده صارا شؤن نوأ","Barefoot","Don't go in the yard barefoot"
200,"پاخت","مي دۊماغ پاخته","Wide","My nose is wide"
201,"پادۊش","أشن پادۊش ٚ جأ کفش چأکۊنيد","Leather","They make shoes from leather"
202,"پاستن","کۊجي زاکانأ وا پاستن","Protect","Small children should be protected"
203,"پاماله","أن لۊاس ٚ پاماله-يه","Footprint","This is a fox footprint"
204,"پاپى","أمي پاپى بؤبؤسته","Chase","He/She chased us"
205,"پاچ","أمي أغۊز دار هني پاچه","Short","Our walnut tree is still short"
206,"پاک","پاک خؤرأ بزه نيشتاوستن","Totally","He/She totally acted like he/she didn't hear us"
207,"پاک","سبزي-يانأ پاکۊدي؟","Clean","Did you clean the vegetables?"
208,"پت","أمي مؤبل ٚ دسته    ٰ پت بزه","Woodworm","The handle of our sofa has been eaten by woodworm"
209,"پرأ گيفته","زأى تا خۊ مارأ بيده پرأ گيفته","He/She Became Very Happy","The child became very happy as soon as he/she saw his/her mother"
210,"پرأ گيفتيد","چيچيني-يان تا پيچايأ بيده-ئيد پرأ گيفتيد","Flew Away","The sparrows flew away when they saw the cat"
211,"پرکاله","ايتأ پرکاله سئب مرأ فأدن","Piece","Give me a piece of apple"
212,"پرکيم","سرمائي کرأ پرکيم","We're Shaking","We're shaking because of the cold"
213,"پس","وا ويشتر حق ٚ سأى بۊکۊنم نيويره پس دکفم","Behind","I should try more otherwise I'll fall behind"
214,"پس بمأنسته","تي پس-بمانسته غذايأ فۊکۊن چيري-يان ٚ ره","Remaining (Food)","Throw your remaining foods for the birds"
215,"پس ٚ پۊشت","أشانأ ببر اۊ پس ٚ پۊشت تأود","Far Away","Take these and throw them far away"
216,"پسرزأک","پسرزأکه، أن ٚ تامأ دکفه","Little Boy","He's a little boy, he craves"
217,"پسي","أن ٚ پسي تي درزأ فأرس","After","After this study your lessons"
218,"پشه دام","تاوستانان أگه پشه-دام نمانه، خۊفتن نشأ","Mosquito Net","if there is no mosquito net in summers, you can't sleep"
219,"پلکان","پلکان ٚ سر نيشتن نوأ","Stairs","Do not sit on the stairs"
220,"پيت","أمي خکاره پيتأ بؤسته","Deformed","Our pan has been deformed"
221,"پيسخاله","ايتأ پيسخاله نمک دۊکۊن","A Little Bit","Add a little bit of salt"
222,"پيش","دریا أمي پيش دره","In Front","The sea is in front of us"
223,"پيش","پيش کيسه؟","The One Starting the Game","Who is the one starting game?"
224,"پيش دٚوٚد","مي پيش دٚوٚد کۊيأ نهأ؟","Apron","Where is my apron?"
225,"پيش گب","کيتاب تۊمانأ بؤسته بمانسته أن ٚ پيش گب","Introduction","The book has finished, only the introduction has left"
226,"پيشأشؤ","فردأ أمي مئمانان أئيدي وا بيشيم أشان ٚ پيشاشؤ","Favorites","Tomorrow Our guests should go to your sultan"
227,"پيل","مي دس پيل بۊکۊده","Blister","My hand has got blistered"
228,"پيله","ايتأ پيله سئب مرأ فأدن","Big","Give me a big apple"
229,"پيله مأر","ديرۊ تي پيله مأرأ بیدئم","Grandmother","I saw your grandmother yesterday"
230,"پيله پئر","مي پيله پئر بۊشؤ دریا","Grandfather","My grandfather went to the sea"
231,"پيله-سۊس","کۊرؤش پيله-سۊس ایسه","Nosy","Kourosh is nosy"
232,"پيلکي","هأ پيلکي رۊخان مائي نأره","Such A Big…","Such a big river but doesn't have any fish"
233,"پينيک","تي رختان همه پينيک بزئکه","Patched","All of your clothes has been patched"
234,"پينيک-پاره","پينيک-پاره رختان تازگي داب بؤبؤسته","Patched and Ripped Up","Patched and ripped up clothes are trendy recently"
235,"پيچ واپيچ","أ مؤضۊ پۊر پيچ واپيچه","Complicated","This subject is very complicated"
236,"پيچأ","پيچأ کيشکائان ٚ ره جۊخۊفته دأره","Cat","The cat has ambushed for the chickens"
237,"پيچاک","پيچاک ٚ وينجي-يأ مأنه","Sticky","It's sticky like Saghez gum"
238,"پٚل","مائيأ پٚلأ کۊدم","In Pieces","I cut the fish in pieces"
239,"پٚلف","ايتأ پلف ٚ خرس دامان ٚ مئن بيدئم","Fat","I saw a fat bear in the jungle"
240,"پۊتار","أيأ چي فۊکۊدي؟ پۊتارأ کۊده","Ant","What did you spill here? the ants gathered"
241,"پۊتۊ","ترأ پۊتۊ دشان","Blanket","Cover yourself with blanket"
242,"پۊر","اۊتۊبۊسانأ آدم دره پۊر","Full","Buses are full of people"
243,"پۊرأ کۊن","تيانأ آب دۊکۊن پۊرأ کۊن","Fill","Fill the stock pot with water"
244,"پۊرد","آهين پۊردأ دٚواريم دئه فأرسيم","Bridge","We will reach after we pass through the iron bridge"
245,"پۊسته ايشکنه-ئي","خؤشحالي جأ پۊسته ايشکنه-ئي","Snapping","He/She is snapping because of happiness"
246,"پۊشت","بۊشۊ فأندر در ٚ پۊشت کي ايسأ؟","Behind","Go and see who is behind the door?"
247,"پۊشتابد","تي پۊشتابدأ اۊسان بيشيم","Backpack","Pick up your backpack and let's go"
248,"پۊشتين","گيلک گيلک ٚ پۊشتينه","Supporter","Gilak is Gilak's supporter"
249,"پۊل","ايپچه پۊل دأري مرأ فأدي؟","Money","Do you have some money to give me?"
250,"پۊلۊک","مي پرهن ٚ پۊلۊک بکفته","Button","My shirt button has fallen off"
251,"تأنم","تأنم أنأ چاکۊنم","I Can","I can fix it"
252,"تا به تا","تي جۊرافان چي وأسي تا به تايه؟","Mismatched","Why are your socks mismatched?"
253,"تا هسأ","تا هسأ کۊرم کلاچ بازي بۊکۊده-ئي؟","Ever","Have you ever played Kooram Kalacham?"
254,"تاتایي","أن تاتایيأ مرأ اۊسه کۊن","Picture","Send me this picture"
255,"تاخت","تاختأگير بخانه","Quickly","Go home quickly"
256,"تارانه","أن ٚ کرد ٚکار همهˈ اۊن ٚ جأ تارانه","Keeps Away","His/Her behavior keeps everyone away from him/her"
257,"تازه","تازه-چي بۊگۊ","New","Say something new"
258,"تازگي-يان","تازگي-یان عليأ بيدئي؟","Recently","Have you seen Ali recently?"
259,"تاشتن","مي ريشأ تاشتن درم","Shaving","I'm shaving my beard"
260,"تالان تالاني","أ تالان تالاني دۊرۊن نان گيرانأ بؤسته","Chaos","In this chaos bread became more expensive"
261,"تام","تام بزن","Quiet","Be quiet"
262,"تام","ايجۊر غذا خۊري آدم ٚ تامأ دکفه","Crave","The way you eating makes me crave"
263,"تامتۊمازه","تامتۊمازه نيشته بۊ","Without Any Noise","He/She was sitting without any noise"
264,"تان","کاسپي دريا تان همه-جۊر مائي دره","Depth","In the depth of Caspian sea, there are all kind of fishes"
265,"تاوده","آشخالانأ تاوده اۊرأ","He/She Throws","He/She throws the garbages over there"
266,"تترج","هأتؤ تترج بنه","In a Row","Put it in a row"
267,"تجرۊبه","مي تجرۊبه گه أ کار آخرپس نأره","Experience","My experience says this doesn't work"
268,"تر ٚ راکه","تر ٚ راکه مرأ دکفته أمي دۊمبال","Thin Branch","He/She followed us with a thin branch"
269,"تر ٚ چسب","تر ٚ چسب بۊشۊ","Nimbly","Go nimbly"
270,"ترسانه","تي گبان أمرأ ترسانه","Scare","Your words scare us"
271,"ترکمه","أ زأى چندر ترکمه-يه؟","Disobedient","How is this kid so disobedient?"
272,"تس","أنقد بۊخۊرده تسأ بؤسته","Relaxing After Eating","He/She is relaxed after eating to much"
273,"تسک ٚ ديل","بۊشؤم مي مأر ٚ خبرأگير تسک ٚ ديل بۊ","Missing","I went to visit my mother she was missing me"
274,"تشت","تشتأ اۊسان بأور","Copper Dish (High Sided)","Take that copper dish and bring it"
275,"تشتا","مرأ تشتايه","Thirsty","I'm thirsty"
276,"تفاق دکفته","منم نأنم چي تفاق دکفته دأره","Happened","I don't know what happened either"
277,"تفتک","أ تفتک دۊمرتبه بامؤ","Annoying Person","This annoying person came again"
278,"تنگام","داوۊدأ ترسأ گيره أ تنگام ٚ کۊچهˈنأ دٚواره","Narrow And Dark","Davood scares to pass these narrow and dark alleys"
279,"تنگر","آسمان ٚ جأ تنگر أمؤن دره","Hail","Hail is falling from the sky"
280,"ته ره","أ پرهنأ ته ره بيهين","For Yourself","Buy this shirt for yourself"
281,"تهب بسر","أمي أمبارأ جنس دره تهب بسر","Full","Our warehouse is full of items"
282,"تي","أن تي کاره؟","Your","It it your job?"
283,"تي","من تي مرأ أيم","You (Singular)","I'll come with you"
284,"تيان","بۊشۊ تيانأ بأور","Pot","Go bring the pot"
285,"تيتالي","زاکان ٚ تيتالي ره کيتاب بخأنيد","Entertain","Read books to entertain kids"
286,"تيج","أ چاقۊ تيج نيه","Sharp","This knife is not sharp"
287,"تيري پيري","مي چۊمان تيري پيري شه","Dark","My eyes go dark"
288,"تيريج مائي","تيريج مائي کأسپي دریا مئن زيويسته","Starry Sturgeon Fish","Starry sturgeon fish lives in the Caspian sea"
289,"تينتير","هأی مه ره تينتير أمؤئي","Coquetting","He/she was constantly coquetting with me"
290,"تي‌تي","سئب دار تي‌تي بۊکۊده","Blossom","The apple tree has blossome"
291,"تٚلٚس","مي چۊم تلس بۊکۊد","Swollen","My eye is swollen"
292,"تٚمٚش","تٚمٚش مي دسأ جيجا کۊنه","Thorn","Thorn wounds my hand"
293,"تک","بزه مي تکأ","Rib","He/she hit my rib"
294,"تک دٚوٚد","حسن تک دٚوٚده","Bluff","Hassan is a bluff"
295,"تکام","هأچين تي سرأ تکام دأن نوأ","Shake","Don't shake your head for nothing"
296,"تۊر","پاک تۊرأ بؤسته دأره","Mad","He/She is gone totally mad"
297,"تۊرتۊره","پارچهˈ همهˈ تۊرتۊره     ٰ کۊد","Shredded","He/She shredded all the cloth"
298,"تۊشک","خۊلي تۊشکأ فيشان","Seed","Throw away the greengage's seed"
299,"تۊشکه","أ تۊشکه وا نيبه","Knot","This knot doesn't untie"
300,"تۊقا","من گيلان ٚ تۊقايم","Fond","I'm fond of Gilan"
301,"تۊمان","مي تۊمان کؤیا نهأ؟","Pants","Where are my pants?"
302,"تۊمان","فئلم تۊمانأ بؤسته؟","Over","Is the movie over?"
303,"تۊند","پۊر تۊند بۊ","Bad Tempered","He/She was very bad tempered"
304,"تۊند","تۊند بيأ","Quickly","Come quickly"
305,"تۊنداتۊند","تۊنداتۊند بۊشؤ","Hastily","He/She went hastily"
306,"تۊنگۊله","دۊتأ تۊنگۊله بزن","Flick","Flick twice"
307,"تۊک","کيشکائانأ دۊمبالأ کۊني أشان ٚ مأر ترأ تۊک گيره","Peck","When you following chickens their mother will peck you"
308,"تۊک","تي تۊک خۊن أمؤن دره","Lip","Your lip is bleeding"
309,"تۊکاپره","سجاد ؤ أکبر تۊکاپرهˈ ديبيد","Argue","Farzad and Ahmad were arguing"
310,"تۊکه","آب تۊکه کۊنه","Drip","Water is dripping"
311,"تۊکه","ايتأ تۊکه آب مرأ فأدن","Little Bit","Give me a little bit of water"
312,"جأ","نادر ٚ جأ فگيفتم","From","I got it from Nader"
313,"جأ","کي جأ بامؤ دأري؟","From Who","Who did you come from?"
314,"جأ","تۊ لیلا جأ بيأ","Instead Of","You come instead of Leila"
315,"جؤر","تي وسيله    ٰن کابينت ٚ جؤر نهأ","Top","Your stuff are on top of the cabinet"
316,"جؤرأکش","أن تاتایيأ جؤرأکش","Upload","Upload this picture"
317,"جابجا","تا أنأ بۊگؤفتيم، جابجا بۊشؤ","So Fast","When we told him/her, he/she left so fast"
318,"جابه","پرتخالانأ ديچين جابه دۊرۊن","Box","Arrange the oranges in the box"
319,"جاجيگا","گيلان أمي جاجيگايه","Place","Gilan is our place"
320,"جخترأ دأ","هرچي أنأ بۊگؤفته-بۊمأ جخترأ دأ","He/She Forgot","He/She forgot whatever I told him/her"
321,"جرگه","أمي جرگه سي تا آدم-نفر دأره","Group","Our group has thirty members"
322,"جزنه","کرأ خؤرأ جزنه أمي جرگه دۊرۊن","Incorporate","He/She incorporating himself/herself in our group"
323,"جغله","مي جغله هف ما دأره","Baby","My baby is seven months old"
324,"جندره","اۊ زناى کيسه أمرأ جندره؟","Looking With Anger","Who is that woman looking at us with anger?"
325,"جنگستن دريم","شباند ٚ رۊز کرأ جنگستن دريم","We Are Fighting","We're fighting night and day"
326,"جه غرز","جه غرز نيما همه بأئيد بۊدۊرۊن","Except","Everyone come inside except Nima"
327,"جه مأر بأورده","أشان جه مأر بأورده پاچ بيد","Congenitally","They were short congenitally"
328,"جيجا","مي دس همه جيجا بؤبؤ","Injured","My whole hand is injured"
329,"جيجاماما","خۊ وسيله    ٰنأ جيجاماما کۊدن دره","Hide","He/She is hiding his/her stuff"
330,"جير","مۊرغانه کرک ٚجير نهأ","Under","There's an egg under the chicken"
331,"جيرأکش","فئلم جيرأکش بۊبؤسته؟","Download","Has the movie download?"
332,"جيليسکستيم","ورف ٚ سرأ شؤن ديبيم هأ ايوار جيليسکستيم","We Slipped","We were walking on the snow suddenly we slipped"
333,"جيميره","هر کي شاد نبه أن ٚ ديل جيميره","He/She Will Be Depressed","The person who's not happy will be depressed in his/her own heart"
334,"جيويشت","هأتؤ أمرأ بيده جيويشت","He/She Ran Away","The moment he/She saw us he/she ran away"
335,"جيويشت","مي بال جيويشت","Dislocated","My hand dislocated"
336,"جکشه","خؤرأ جکشه","Pulls Aside","He/She pulls aside"
337,"جکفت","مي دهنأ آب جکفت","Watered","My mouth watered"
338,"جۊخۊسانه","خۊ پۊلانأ فرش ٚ جير جۊخۊسانه","He/She Hid","He/She hid his/her moneys under the carpet"
339,"جۊخۊفت","بۊشؤ دار ٚ پۊشت جۊخۊفت","He/She Hid","He/She went and hid behind the tree"
340,"جۊديکي","هؤلأ بؤستم مرأ جۊديکي بيگيفت","Stutter","I panicked and I stuttered"
341,"جۊرأ بيد","زاکان کس کسه مرأ زۊد جۊرأ بيد","They Accustom","Kids accustom to each other so soon"
342,"جۊراف","تي جۊرافانأ دۊکۊن","Socks","Wear your socks"
343,"جۊفت","ايتأ جۊفت کفش بهئم","Pair","I bought a pair of shoes"
344,"جۊل","تي سۊرخ ٚ جۊلأ قۊربان","Cheek","I would die for your red cheek"
345,"جۊلؤ","بۊشۊ جۊلؤ","Ahead","Go ahead"
346,"جۊلف","کاسپي دريا جۊلفه","Deep","Caspian sea is deep"
347,"جۊمجۊمه","مرأ جۊمجۊمه اۊساد","Anxious","I got anxious"
348,"جۊکۊن","أ درزنأ مه ره نخ جۊکۊن","Thread The Needle","Thread this needle for me"
349,"چأکۊنم","کرأ خانه چأکۊنم","I Building","I am building a house"
350,"چأکۊنه","بۊشۊ رمضان ٚ ويجا، اۊن تأنه تي کارأ چأکۊنه","He/She Fix","Go to Ramezan, he can fix your problem"
351,"چؤ","چؤ دکفتهˈنأ باور کۊدن نوأ","Rumor","Don't believe the rumors"
352,"چؤرنيلي","أ چؤرنيلي پرهنأ ديرۊ بيهئم","Purple","I bought this purple shirt yesterday"
353,"چئل","چئل سال پيش أيأ بامؤبۊم","Forty","I had come here forty years ago"
354,"چا","بۊشۊ چا جأ آب واغۊش","Well","Go bring water from the well"
355,"چار","چار تا کۊئي مرأ فأدن","Four","Give me four pumpkin"
356,"چارپاچه","چارپاچه نيشته بۊ","Cross-legged","He/She was sitting cross-legged"
357,"چارچاک","درأ چارچاک بنأ","Wide Open","He/She left the door wide open"
358,"چارکۊنج","پارچه     ٰ چارکۊنج واوين","Square","Cut the cloth in a square shape"
359,"چالٚکا","چالٚکا ميان دنکفي","Pit","Don't fall inside the pit"
360,"چان","وحيدأ بيدئم ايتأ کيسه بج بچانأ گيفته بۊ","Shoulder","I saw Vahid putting a bag of rice on his shoulder"
361,"چاپ چاپ","بۊلبۊل کرأ چاپ چاپ زنه","Chirping","The Nightingale is chirping"
362,"چاپلا","خؤشالي جأ کرأ چاپلا زنه","Clapping","He/She is clapping because of happiness"
363,"چاک","غذا بۊ هأ چاکأ پۊرأ کۊده","Space Around","The smell of food has filled the space around"
364,"چرت ٚ چۊلا","دئه کرأ چرت ٚ چۊلا گي","Nonsense","You are talking nonsense"
365,"چرخ","ديرۊ ايتأ چرخ بيهئم","Bike","I bought a bike yesterday"
366,"چرخستن","الا تي تي  زيمين ٚ دؤر چرخستن دره","Orbit","The moon orbiting the Earth"
367,"چف","أنقد بۊخۊفتي چف بۊکۊدي","Swollen","You slept so much that you are swollen"
368,"چفت","درأ چفتأ کۊدي؟","Close","Did you close the door?"
369,"چفتن","سرمائي چفتن دٚوستيم","Freeze","We froze from the cold"
370,"چمچه","چمچه    ٰ بيدئي؟","Ladle","Have you seen the ladle?"
371,"چنتا","تۊ چنتا أغۊز دأري؟","How Many","How many walnuts you have?"
372,"چندر","شيمي خانه چندر دۊره","How Far","How far is your home?"
373,"چيسه","أن چيسه؟","What","What is this?"
374,"چيشتن","کرأ غذائانأ ايتأ ايتأ چيشتن درم","Tasting","I'm tasting the foods one by one"
375,"چيچال","تي دسأ چيچال ٚ آب ٚ مرأ بۊشؤر","Lukewarm","Wash your hands with lukewarm water"
376,"چيچيني","ايمرۊ ايتأ چيچيني بيدئم","Sparrow","I saw a sparrows today"
377,"چٚسک","بۊگؤفتم مي أمرأ بيأ، بۊگؤفت چٚسک","Nope","I said come with me, he/she said nope"
378,"چٚلک","چرک","Dirty","Wash your dirty shirt"
379,"چک ٚ پر","سينه-آبأ نأنستي هأچين چک ٚ پر زئي","Paddle","He/She didn't know how to swim he/she was paddling aimlessly"
380,"چۊ","خؤشک ٚ چۊ هيمه ره خؤبه","Wood","Dry woods are good for firewoods"
381,"چۊتؤ","أن چۊتؤ کار کۊنه؟","How","How does this work?"
382,"چۊل","تي کفشأ چۊل بۊکۊدي","mud","You made your shoes muddy"
383,"چۊله","ايتأ کيبريت چۊله مرأ فأدن","Match (For Fire)","Give me a match"
384,"چۊم","مي چۊم نيدينه","Eye","My eye doesn't see"
385,"چۊم دکف","أ خانه چۊم دکف بد نيه","View","The view of this house is not bad"
386,"چۊمليز","مرأ چۊمليز بيگيفته","Pinch","He/She pinched me"
387,"چۊچۊل","چۊچۊل دار ٚ جأ جؤر شؤن دره","Lizard","The lizard is climbing a tree"
388,"حأيوان","حأيوانانأ سربسر نهأن نوأ","Animal","Do not disturb animals"
389,"حئيقت","حئيقت گي؟","For Real","Are you telling this for real?"
390,"حق ٚ سأى","تي حق ٚ سأيأ بۊکۊن آخربسر چأکۊده به","Try","Try and finally it will be ok"
391,"خألي","اۊنقد کار بۊکۊدم خألي بيس تۊمۊن مرأ فأدأ","Only","I worked so much but he/she only gave me twenty Tomans"
392,"خأندن","کيتاب خأندن درم","Read","I'm reading the book"
393,"خأيه","کي خأيه بأيه؟","Wants","Who wants to come?"
394,"خؤرم","علي خؤرم زأکه","Good","Ali is a good kid"
395,"خؤرنه","أنقد خؤرنه کۊني کي خۊفتن نشأ","Snoring","You snoring so much that no one can sleep"
396,"خؤره","خؤره بامؤ","Himself/Herself","He/She came himself/herself"
397,"خؤره خؤره","مي کيف ٚ بند خؤره خؤره بؤرسفت","Without Any Reason","The handle of my bag tore without any reason"
398,"خؤشگيل","أ گۊل چندر خؤشگيله","Beautiful","How beautiful is this flower"
399,"خاج","ايتأ خاج هيندانه مرأ فأدن","A Slice of Something","Give me a slice of watermelon"
400,"خاخۊر","مي خاخۊر ٚ مرأ بۊشؤئيم رستۊران","Sister","I went to the restaurant with my sister"
401,"خاخۊرزا","خاخۊرزا مي شين دانشجۊيه","Nephew/Niece (Sister's Child)","My niece is a student"
402,"خاش","أ مائي پۊر خاش دأره","Bone","This fish has a lot of bones"
403,"خاص ٚ بخت","حسۊد ٚ آدم خاص ٚ بخت نيبه","Blessed","The jealous person won't get blessed"
404,"خاطر","مرأ خاطر نأيه","Remember","I don't remember"
405,"خاطرخا","أشان دۊتا خاطرخائي دأشتيد","In Love","These two people were in love"
406,"خال","بپا خالانأ نشکني","Branch","Be careful not to break the branches"
407,"خاليواش","خاليواش ٚ مرأ درار چأکۊنيدي","Marjoram","They make Darar with marjoram"
408,"خبرأتر","چي خبرأتر؟","What's Up","What's up?"
409,"خبرأگير","مؤسن ديرۊ بامؤبۊ تي خبرأگير","Asking About Someone","Mohsen had come yesterday and he was asking about you"
410,"خرابگي","دۊمرتبه خرابگي بۊکۊدي؟","Messed Something Up","You messed up again?"
411,"خرت ٚ خشال","اۊ خرت ٚ خشالانأ فيشأن","Odds And Ends","Throw away those odds and ends"
412,"خسته","تۊرفانأ خسته بکأشتي","Compactly","You planted those radishes compactly"
413,"خفت","مرأ خفتأ گيره","Disgust","I disgust"
414,"خفت","دئه مي خفت بسر أمؤن دره","Endure","I can't endure anymore"
415,"خفتي","خفتي آدمه","Intolerant","He/She is intolerant"
416,"خفيانگي","خۊ کارانأ خفيانگي کۊنه","Secretly","He/She does his/her job secretly"
417,"خٚرٚک","أمي بجانأ خٚرٚکأ کۊده","Rice Weevil","There's rice weevil in our rice"
418,"خکاره","ايتأ پيله خکاره بيهين","Frying Pan","Buy a large frying pan"
419,"خۊ","هرکي خۊ ماشين ٚ مرأ بأيه","Own","Anyone come with their own car"
420,"خۊج","خۊج خۊري؟","Wild Pear","Do you eat wild pear?"
421,"خۊرانئن","زاکأ دوا خۊرانئن درم","Feed","I'm feeding medicine to the baby"
422,"خۊرکأ","خۊرکأ دامان ٚ مئن زيويسته","Hedgehog","Hedgehog lives in the forest"
423,"خۊس","نأمم چي ره ايمرۊ خۊس کۊنمه","Cough","I don't know why I'm coughing today"
424,"خۊسانه","مهين کرأ خۊ زاکأ خۊسانه","Put Someone to Sleep","Mahin is putting her baby to sleep"
425,"خۊسه","زأک ٚ ره لالائي بيگي زۊتر خۊسه","He/She Sleeps","Sing lullaby to the baby so he/she sleeps soon"
426,"خۊشأدم","أيأ بيأ ترأ خۊشأدم","Kiss","Come here let me kiss you"
427,"خۊشانه","أمان أشانأ وأده نيگيفته بيم، خۊشانه بامؤبيد","Arbitrarily","We didn't invite them, they came arbitrarily"
428,"خۊشک","سلان همه خۊشکأ بؤستده","Dry","All ponds have dried up"
429,"خۊله","گرزه بۊشؤ خۊله مئن","Hole","The mouse went into the hole"
430,"خۊلي","خۊلي-يانأ بيچه-ئي؟","Greengage","Did you pick the greengages?"
431,"خۊمه","حجحجي أمي هره سر خۊمه بنأ","Nest","Swallow made a nest on the porch of our house"
432,"خۊن ديمير","مي پا أنگۊشت خۊن ديمير بؤبؤسته","Bruised","My toe got bruised"
433,"خۊچک","أ آشتالۊ خۊچکه","Easy Separable Seed","This peach has easy separable seed"
434,"دأني","دأني تي برار کؤيأ ايسأ؟","You Know","Do you know where's your brother?"
435,"دؤجين","ته ره دؤجين بۊکۊن","Choice","Make a choice for yourself"
436,"دؤر ٚ شر","اي نفر کرأ دؤر ٚ شر ٚ جأ أيه","Afar","Someone is coming from afar"
437,"دؤرسفت","مي زيبيل ٚ تان دؤرسفت","It Tore","The bottom of my bag tore"
438,"دؤوانئن","صؤب تا هسأ مرأ دؤوانئن دره","Goof Off","He/She is goofing me off since morning"
439,"دؤوستن","کرأ دؤوم","Running","I'm running"
440,"دؤککؤ","دؤککؤ بۊخۊردم","Surprised","I got surprised"
441,"دئر","مي مٚدٚرسه دئرأ بؤ","Late","I'm late for school"
442,"دئن","چي دئن دري؟","See","What are you seeing?"
443,"دئه","ايتأ دئه نان مرأ فأدن","Another","Give me another bread"
444,"دئه","من دئه بازي نۊکۊنم","Anymore","I don't play anymore"
445,"داب","أن تازه دابه؟","Method","Is it a new method?"
446,"دار","خۊشک ٚ دار هيمه ره خؤبه","Tree","Dried trees are good for firewood"
447,"داشت ٚ دارائي","بعضي-يان ٚ داشت ٚ دارائي-يأ ايشماردن نشأ","Wealth","You can't count some people's wealth"
448,"داشکا","آجۊرانأ داشکا أمرأ باور","Wheelbarrow","Bring the bricks with wheelbarrow"
449,"داغۊله باز","تۊ داغۊله بازي","Cheater","You are a cheater"
450,"دامان","أمأن جۊمه شيم دامان","Forest","We will go to the forest on Friday"
451,"داميشک","داميشک ويشتر أمرأ سر زئي","Used To","You used to visit us more"
452,"دباختيم","ايمرۊ بازي-يأ دباختيم","We Lost","We lost the game today"
453,"دتاوسته","آفتاب کؤرأ جه دتاوسته اۊتاق ٚ مئن؟","Shine","Where does the sun shine into the room?"
454,"دخشارده","مرأ دخشارده ديفارأ","Pushed","He/She is pushed me to the wall"
455,"درار","أمأن خیارأ درار ٚ أمرأ خۊريم","Darar","We eat cucumber with darar"
456,"دراز ٚ راشي","ايتأ دراز ٚ راشي-يأ دٚوارستيم","Long Road","We crossed a long road"
457,"درازه","درازه بدن","Continue","(You) Continue"
458,"دربند","کارأ دربند نۊبۊ","Interested","He/She wasn't interested in work"
459,"درجک","اۊ درجکأ وأکۊن","Window","Open that window"
460,"درده","أمرأ درده دأن نوأ نتأني بۊگۊ نتأنم","Suffer","Don't make us suffer, just say it if you can't"
461,"درزن","بۊشۊ اۊ درزنأ مه ره بأور","Needle","Go and bring me that needle"
462,"دره","أ خۊم ٚ مئن آب دره","There Is","There's water inside the crock"
463,"درياگۊش","بۊشؤبيم کاسپي دريا درياگۊش اۊچينيم","Seashell","We were gone to Caspian sea to collect seashell"
464,"دس اۊکۊف","کارگأران ٚ دس اۊکۊفأ وا فأدن","Salary","Worker's salary must be paid"
465,"دس بازار","أمرأ دس-بازارأ گيفتي؟","To Make Fun of","Are you making fun of us?"
466,"دس بکشه","پيچأ بيده نتأنه کؤترأ بيگيره دس بکشه","Gave up","The cat saw that it can't hunt the pigeons so it gave up"
467,"دس فأرس","ميقراض مرأ دس فأرس نيه","Available","The scissors is not available to me"
468,"دس ٚ تان","مي دس ٚ تان مرأ خارش کۊنه","Palm","My palm is itchy"
469,"دس پرأ گيفتن","أمرأ دس پرأ گيفتي؟","Mock","Are you mocking us?"
470,"دسامۊجه","أ پيچأ دسامۊجه","Trained","This cat is a trained"
471,"دسانئن","بجأ دسانئن درم","Soaking","I'm soaking the rice"
472,"دسنماز","مي مأر بۊشؤ دسنماز بيگيره","Ablution","My mother went to perform ablution"
473,"دسکٚلا","هۊتؤ دسکٚلا زئيد أمؤن ديبيد","Clapping","They were clapping while coming"
474,"دشان","زاکأ پۊتۊ دشان","Cover","Cover on the baby with a blanket"
475,"دفراز","ترأ دفراز پۊشتي-يأ","Lean","Lean on the backrest"
476,"دم بتۊ","جه اۊ وخته ترأ بشناختم دم بتۊ بي","Self-Contained","Since I knew you, you were self-contained"
477,"دم بۊکۊده","هوا دم بۊکۊده","Humid","The weather is humid"
478,"دمختن","گيل دمختن دري؟","Tread","Are you treading in mud?"
479,"دمق","أمرأ دمقأ کۊد","Embarrass","He/She embarrassed us"
480,"دوا","مي دوائانأ بأور بۊخۊرم","Medicine","Bring me my medicine to take"
481,"ديرۊ","هرچي خأستيم ديرۊ بيهئم","Yesterday","I bought all I need yesterday"
482,"ديفار","خأيم خانه دؤرأ ديفار بۊکۊنم","Wall","I want to build a wall around my house"
483,"ديل","مي ديل بشکفته","Heart","My heart is broken"
484,"ديلأ گيفتن","أ تۊنگ تي ديلأ بيگيفته؟","Like","Do you like this bracelet?"
485,"ديم","تي ديمأ بۊشؤر","Face","Wash your face"
486,"ديمه","تي أغۊزان ديمه بنن","Aside","Put aside your walnuts"
487,"ديميريدي","هر سال دأني چن نفر کاسپي دريا ميان ديميريدي؟","They Drown","Do you know how many people drown in the Caspian sea every year?"
488,"ديميشته","پيچأ أمرأ ديميشته","Piss","The cat piss on us"
489,"ديني-يه","نيما حيساب ٚ دۊرۊن پۊل دينه","There Is Not","There is not money in Nima's bank account"
490,"ديويست","ديويست تۊمۊن دئه پۊل نيه","Two Hundred","Two hundred Tomans is nothing now"
491,"ديچئن","مريم کابينتأ ديچئن دره","Organize","Maryam is organizing the cabinet"
492,"دٚوارستم","ديرۊ شيمي کۊچه    ٰ دٚوارستم","I Was Passing By","I was passing by your alley yesterday"
493,"دٚوارسته","دوارسته-يأ وا بدن","The Past","Let go of the past"
494,"دٚوسته","ايرۊ أ دٚوسته دران وأبه","Closed","One day these closed doors will open"
495,"دٚوٚد","کيتابأ دٚوٚد بيأ أيأ","Close","Close the book and come here"
496,"دٚوٚد وأود","چي-يأ دٚوٚد وأود کۊدن دري؟","Packing","What are you packing?"
497,"دٚوٚل","هأى دٚوٚل دأئي","Dodging","He was dodging all the time"
498,"دکش","مي پئر خأستي مرأ دکشأ ده","Slap","My dad wanted to slap me"
499,"دکش","اۊ لافندأ دکش","Tighten","Tighten that rope"
500,"دگرأ","چي ره دگرأ خۊري؟","Wamble","Why are you wambling?"
501,"دۊتأ","دۊتأ أشتالۊ مرأ فأدن","Two (For Items)","Give me two peaches"
502,"دۊجا بۊگۊئي","دۊجا بۊگۊئي خؤرم کار نيه","Tittle-Tattle","Tittle-tattle isn't a good thing"
503,"دۊجۊل دۊجۊل","دۊجۊل دۊجۊل خوردن دره","Eating With a Full Mouth","He/She is eating with a full mouth"
504,"دۊخادن","کي مرأ دۊخاده؟","Call","Who called me?"
505,"دۊرۊس","شۊمان دۊرۊس فرمائيدي","Right","You're right"
506,"دۊرۊسته","أنأ هأتؤ دۊرۊسته أن ٚ جأ سر بنه","Complete","Put it back completely"
507,"دۊرۊن","خۊ اۊتاق ٚ دۊرۊن ايسأ","Inside","He/She is inside his/her room"
508,"دۊم","لانتي خۊ دۊمأ گرکه بۊکۊد","Tail","The snake wrapped its tail around itself"
509,"دۊماغ","مي دۊماغ خارش کۊنه","Nose","My nose itches"
510,"دۊمبالسر","اۊ ری کيسه أمي دۊمبالسر أمؤن دره؟","Behind","Who's that boy coming behind us?"
511,"دۊمرتبه","دۊمرتبه وأگردم بخانه","Again","I'll come back home again"
512,"دۊنبۊ","پينير جا ميان پينير دۊنبۊ","Wasn't","There wasn't any cheese in the dish"
513,"دۊنيا","أ زاکان دۊنيايأ چأکۊنيدي","The World","These kids will build the world"
514,"دۊواره","دۊواره بۊگۊ","Again","Say that again"
515,"دۊچکان","أشانأ چسب ٚ چۊ مرأ دۊچکان","Glue","Glue these with wood glue"
516,"دۊکان","مأمد ٚ أمرأ بۊشۊ دۊکان","Shop","Go to the shop with Mohammad"
517,"دۊکتۊر","خأيم بشم دۊکتۊر","Doctor","I want to go to the doctor"
518,"دۊکۊد","آسيه خۊ کافشينأ دۊکۊد","He/She Wore","Asiyeh wore her jacket"
519,"دۊکۊش","اۊ لامپأ دۊکۊش","Turn It Off","Turn that lamp off"
520,"دۊکۊن","ته ره غذا دۊکۊن","Serve/Pour","Serve yourself some food"
521,"رؤجا","رؤجایانأ بيدين","Star","Look at the stars"
522,"رئک","اۊ رئکأ بيده-ئي؟","Boy","Did you see that boy?"
523,"رات","أن ٚ مۊ راته","Straight Hair","His/Her hair is straight"
524,"راد ٚوار","رادٚوارأ وأورس","Passer-By","Ask the passer-by"
525,"راستأ کۊن","أ جابهˈنأ راستأکۊن بنه اۊرأ","Lift","Lift these boxes and put them over there"
526,"راشي","هأ راشي-يأ بۊشۊ","Road","Go to this road"
527,"رافا","تي رافا ايسم","Waiting","I'll wait for you"
528,"رج","أشانأ به رجأ کۊن","Row","Put them in a row"
529,"رخشن","أمرأ رخشنأ گيفتي؟","Mock","Are you mocking us?"
530,"ره","أمه ره چي بأوردي؟","For","What did you bring for us?"
531,"ريفئق","مي ريفئق ٚ مرأ شؤن درم بيرۊن","Friend","I'm going out with my friend"
532,"رچ","هأ رچأ بيگير بۊشۊ","Footprint","Follow this footprint and go"
533,"رۊخان","رۊخانأ بيدئي؟","River","Did you see the river?"
534,"رۊز","اي رۊز أيم ترأ دينم","Day","One day I'll come to see you"
535,"زئن","زاکأنأ نوأسي زئن","Beating","Children should not be beaten"
536,"زاقۊت","زاقۊته","Very Sour","It's very sour"
537,"زاما","تي زاما کؤيأ کار کۊنه؟","Son in Law","Where does your son in low work?"
538,"زاکان","أمي زاکان دئه پيلهˈ بؤستد","Children","Our children grew up"
539,"زرخ","زرخأ بؤسته خۊردن نشأ","Bitter","It got bitter and can't be eaten"
540,"زرخ","مي پئر ديرۊ پۊر زرخ بۊ","Angry","My father was very angry yesterday"
541,"زن برار","تي زن برار أمي أمرأ أيه","Brother in Law (Wife's Brother)","Your brother in law coming with us"
542,"زن خاخۊر","مي زن خاخۊر ايران نئسأ","Sister In Law (Husband's Sister)","My sister in law isn't in Iran"
543,"زن خاخۊرزا","تي زن خاخۊرزايأ بيدئم","Wife's Nephew/Niece","I saw your wife's nephew"
544,"زن مأر","مي زن مأر بۊشؤ خۊ خاخۊر ٚ خانه","Mother in Law (Wife's Mother)","My mother in law went to her sister's house"
545,"زن پئر","مي زن پئر ٚ خانه هأ کۊچه دۊرۊنه","Father in Law (Wife's Father)","My father in law's house is in this alley"
546,"زنأى","أ زنأی دئه کيسه؟","Woman","Who is this woman?"
547,"زنجيل","وا ايتأ زنجيل بيهينم","Chain","I must buy a chain"
548,"زنخازي","مي برار ٚ ره بۊشؤم زنخازي","Propose (To a Woman)","I went to propose for my brother"
549,"زهار","ايوار ايوار نوأ تام زئن، وا زهار کۊدن","Shout","Sometimes you shouldn't stay silent, you must shout"
550,"زواله","أسأ زواله خاب ٚ مؤقه-يه","Summer Afternoon","It's time for a summer afternoon nap"
551,"زوان","گيلکي زوانه، لاجه نيه","Language","Gilaki is a language, it's not an accent"
552,"زيويستن","أن دئه چۊجۊر زيويستنه؟","Living","What kind of living is this?"
553,"سأکۊته","مي زاک ايتأ سأکۊته دأره","puppy","My child has a puppy"
554,"سئخ","سئخانأ کؤيأ بنأئي؟","Skewer","Where did you put the skewers?"
555,"ساج","تي ساجأ چأکۊن","Hair","Fix your hair"
556,"ساق","أمي ناجه أن ٚ کي هميشک ساق بيبيد","Health","Our wish is that you always be healthy"
557,"سامان","کؤ سامان شؤن دريم؟","Place","What place are we going to?"
558,"سانچؤ","هوا سرده سانچؤ زئن درم","Pneumonia","It's cold I'm getting pneumonia"
559,"سخت","همه-تا کاران سخته","Difficult","All jobs are difficult"
560,"سختي أمؤن","مرأ سختي أيه بشم بيرۊن","Feeling Lazy","I'm feeling lazy to go outside"
561,"سر","تي وسيله    ٰنأ بنه ميز ٚ سر","On","Put your stuff on the table"
562,"سر","تۊ کي سر ايسي؟","Side (Who)","Whose side are you on?"
563,"سر ٚ کؤره","مي سر ٚ کؤره مرأ در کۊنه","Temple","My temple hurts"
564,"سرأ جيري","أ سرأ جيري-يأ وا دٚواريم","Downhill","We should cross this downhill"
565,"سرأ دن","مي سفارشانأ سرأ دن","Send","Send me my orders"
566,"سرأ دن","اۊ پيچأ زاکأ سرأدن","Release","Release that kitten"
567,"سراکۊنأ","کيتابأ سراکۊنأ بيگيفتي","Upside Down","You're holding the book upside down"
568,"سربس","تي سربسأ بۊگۊ","Source","Tell me about your source"
569,"سربسر","مرأ سربسر نهأن نوأ","Bother","Don't bother me"
570,"سربسر","هۊتؤ سربسر بنه","Overlay","Leave it overlay"
571,"سرد ٚ وا","سرد ٚ وا دمه","Cold Wind","Cold wind is blowing"
572,"سردأ کۊده","هوا سردأ کۊده","Has Turned Cold","The weather has turned cold"
573,"سردي","بۊشۊ سردي-يأ بأور","Ladder","Go bring the ladder"
574,"سرفۊکؤ","هأى أمرأ سرفۊکؤ زنه","Rebuke","He/She rebukes us constantly"
575,"سرگمجي","زأکأن ٚ سرگمجي ره، أشانه کيتاب بخأنيد","Entertain","To Entertain kids, read a book for them"
576,"سس","تي پلا چي ره سسه؟","Tasteless (Without Any Salt)","Why is your rice tasteless?"
577,"سفيان","سفيان بۊکۊدم","Panic","I panicked"
578,"سلامال","مي سلاماله","The Same Age","He/She is the same age as me"
579,"سه لنگه","اۊ سه لنگه-يأ بأور","Tripod","Bring me that tripod"
580,"سيا","مي سيا تۊمانأ بيدئي؟","Black","Have you seen my black pants?"
581,"سيبيشکا","سيبيشکا خۊري؟","Sunflower Seed","Do you eat sunflower seeds?"
582,"سيفيد","اۊ سيفيد ٚ کفشأ خأيم","White","I want those white shoes"
583,"سيوا","أشانأ سيوا بنه","Separated","keep these separated"
584,"سٚبٚج","تي سرأ سٚبٚجأ کۊده؟","Lice","Did you get head lice?"
585,"سٚفره","سٚفره     ٰ بۊشؤستم","Tablecloth","I washed the tablecloth"
586,"سٚند","تي سٚند چقده؟","Old (Age)","How old are you?"
587,"سٚودا","خليل بۊشؤ بازار سٚودا بۊکۊنه","Trade","Khalil went to the bazaar to trade"
588,"سک","سکان پيچائان ٚ وأسي لاب کۊديد","Dog","Dogs were barking because of cats"
589,"سۊ","بۊخاري سۊ زياده","Flame","The flame of the heater is too high"
590,"سۊ","الا تي تي سۊ کۊنه","Shine","The moon shines"
591,"سۊبۊل","أ سأکۊته-یأ سۊبۊلأ کۊده","Flea","This puppy has fleas"
592,"سۊبۊک","أ کفش چندر سۊبۊکه","Light (Weight)","These shoes are so light"
593,"سۊج","مي گۊلي مرأ سۊج کۊنه","Burning","My throat is burning"
594,"سۊج","هوا سۊج دأره","Burning Cold","The weather is burning cold"
595,"سۊرخ","أ سۊرخ ٚ پرهنأ دۊکۊن","Red","Wear this red shirt"
596,"سۊستي","سۊستي کۊدن نوأ","Lazy","Don't be lazy"
597,"سۊفته","تا هسأ سۊفته نۊکۊديم","First Sale of The Day","I didn't get my first sale of the day so far"
598,"سۊماپالان","کابينت ٚ جأ سۊماپالانأ مرأ فأدن","Colander","Give me the colander from the cabinet"
599,"سۊک","سردي-يأ سۊک بني کفه","Vertically","If you put the ladder vertically it will fall"
600,"سۊکۊله","سۊکۊله کۊکۊره کۊ کۊدن دره","Rooster","Rooster is crowing"
601,"سۊکۊنج","سۊکۊنج سۊتأ کۊنج دره","Triangle","Triangle has three angles"
602,"شأ","چي شأ کۊدن؟","Can","What can be done?"
603,"شأل","شأل دۊتا أمي کرکانأ ببرد","Jackal","The jackal took two of our chickens"
604,"شؤت","اۊ شؤتأ مرأ فأدن","Brush","Give me the brush"
605,"شؤن","شؤن ٚ مؤقه مرأ دۊخان","Go","Call me when it's time to go"
606,"شؤن أمؤن","أمي شؤن أمؤن خۊ جأ سر مأنه","Commute","Our commute will stay like this"
607,"شب","شب دکفته","Night","It's night"
608,"شباند ٚرۊز","نؤرۊزبل ٚ ره شباند ٚرۊز بيداريم","Day and Night","We're awake day and night for Nowruzbal"
609,"شل","چي ره شل شلکأ را شي؟","Limp","Why are you limping?"
610,"شلار دأئن","هأی خۊ گبأ شلار دأئي","Prolong","He/She was constantly prolonging his/her words"
611,"شلخت","ايتأ پيله شلخت بيهئم","Goose","I bought a big goose"
612,"شلله","مي پلا شلله بؤبؤ","Mushy","My rice got mushy"
613,"شه","أيأ چندر گرمه، شه بزم","Sweat","It's too hot here, I sweat"
614,"شواله","تش شواله کشه","Flame","The fire is flaming"
615,"شيب","شيب بزن","Whistle","Whistle"
616,"شيش","أمان شيش نفر بيم","Six","We were six people"
617,"شيمي","اۊى سفر أمان بامؤئيم أى سفر شيمي نؤبه-يه","Your","We came last time now it's your turn"
618,"شکمدار","شکمدار ٚ زناکانأ مأنه","Pregnant","He/She looks like a pregnant woman"
619,"شۊتۊر","شۊتۊر بيابان ٚ مئن زيويسته","Camel","Camel lives in the desert"
620,"شۊرۊم","شۊرۊم بيگيفته","Fog","It's foggy"
621,"شۊماره","سيرۊس قايقران ٚ شۊماره ۹ بۊ","Number","Siroos Ghayeghran's number was 9"
622,"شۊمان","شۊمان بيشيد","You (Plural)","You go"
623,"صؤب","من صؤبان زۊد شم کار ٚ سر","Morning","I go to work early in the morning"
624,"صبر","صبر بزه","Sneeze","He/She sneezed"
625,"صۊندؤق","صۊندؤق ٚ دۊرۊن بنأم","Coffer","I put it inside the coffer"
626,"عأيدبيني","ايمسال کؤرؤنا وأسي عأيدبيني نأريم","Visiting People in the Eid","This year we don't visit family in the Eid because of Corona"
627,"عأينک","مي عأينکأ بيدئي؟","Glasses","Have you seen my glasses?"
628,"عار ؤ مۊر","أن ٚ عار ؤ مۊر بشکفته","Pride","His/Her pride was hurt"
629,"عارنامۊس","أمي مرأ عارنامۊسي دأره","Being Too Formal","He/She is being too formal with us"
630,"عسکي","کي عسکي بزه؟","Sneeze","Who sneezed?"
631,"عم پسرزا","تي عم پسر زأکه؟","Cousin's Son/Daughter","Is he/she your cousin's son/daughter?"
632,"عمجان","ديرۊ بۊشؤم مي عمجان ٚ خانه","Aunt (Father's Sister)","I went to my aunt's house yesterday"
633,"عمجان دؤختر","فردأ مي عمجان دؤختر ٚ خانه ايسائيم","Cousin (Father's Sister's Daughter)","We are at my cousin's house tomorrow"
634,"عمجان پسر","مي عمجان پسر رشت ايسأ","Cousin (Father's Sister's Son)","My cousin is in Rasht"
635,"عنقص","أن ٚ کاران عنقص نيه","On Purpose","His acts are not on purpose"
636,"عوض","أن همه پۊل فأدأئي اۊن ٚ عوض چي فأگيفتي؟","In Return","You spent a lot of money, what did you get in return?"
637,"عوض دکش","أمي پرهنانأ عوض دکش بۊکۊديم","Exchange","We exchanged our shirts"
638,"عيلاج","حسودي-يأ هيچ عيلاج نيه","Cure","There's no Cure for jealousy"
639,"عيلاوه","ايتأ دئه عيلاوهˈ کۊن","Add","Add another one"
640,"غۊرصه","غۊرصه خۊردن نوأ","Sad","Don't be sad"
641,"فأدأ","ترأ چي فأدأ؟","Gave","What did he/she gave to you?"
642,"فأده","تي نظر أمي پۊلأ فأده؟","He/She Gives","Do you think he/she gives us our money?"
643,"فأرسه","شانس بأوردم ماسۊ مرأ فأرسه","He/She Helped","I was lucky that Masoo helped me"
644,"فأمستن","أ مؤضۊ فأمستن أنقد سخته؟","Understand","Is this so hard to understand?"
645,"فأندر","مرأ فأندر","Look","look at me"
646,"فأکش","أ لافندأ فأکش","Pull","Pull this rope"
647,"فأکش","دئه مي کله فأکش نأره","Focus","My brain can't focus anymore"
648,"فأکش","من گم وا بدن هأى فأکش دأن دره","Continue","I'm telling him/her to stop but he/she continues"
649,"فؤقا","آهينأ  فؤقا گيل ٚ دۊرۊن","Dip","Dip the iron in the mud"
650,"فئلم","أ فئلمأ بيدئي؟","Movie","Have you seen this movie?"
651,"فادار","بۊشۊ تي زاکأ فادار","To Hold Your Baby Over The Toilet","Go and hold your baby over the toilet"
652,"فارسانه","بؤشؤ مأمدأ فارسانه","Give Someone a Ride","He went to give Mohamad a ride"
653,"فاش","فاش دأن دره","Curse","He is cursing"
654,"فال","أ پرهن ته ره فاله","Loose","This shirt is loose for you"
655,"فاکشيم","بيأ أ ميزأ فأکشيم ببريم اۊرأ","Pull","Let's pull this table over there"
656,"فترات","أشان دئه فترات کاشتن دريد","Injustice","They are doing injustice"
657,"فته کۊدن","دئه أمرأ فته کۊدن دره","annoy","He/She is annoying us"
658,"فجه","أيأ چي فجه؟","Spilled","What's spilled here?"
659,"فرخ","أن اۊن ٚ مرأ فرخ کۊنه","Different","This is different from that"
660,"فسفاله","چائي فسفالهˈ فيشان","Residue","Throw away the tea residue"
661,"فسک","مي فسکأ بۊرۊز ندي","Secret","Don't reveal my secret"
662,"ففه","ففه خۊري؟","White Liver (Food)","Would you eat white liver?"
663,"فلنگي","چي ره فلنگي؟","Limping","Why are you limping?"
664,"فلگان","سٚفره     ٰ فلگان","Shake","Shake the tablecloth"
665,"فيت","أمرأ فيت دأن دره","Provoke","He/She is provoking us"
666,"فيريني","فيريني خۊري؟","Porridge","Would you eat porridge?"
667,"فيشان","مۊس بۊکۊده نانأ فيشان","Throw Away","Throw away the moldy bread"
668,"فيللي","فيللي تاودن خيابان ٚ دۊرۊن خؤرم کار نيه","Spit","Spitting in the street is not a good thing"
669,"فينگي","چي ره فينگي-يان ٚ مأنستن گب زني؟","Snuffle","Why are you snuffling?"
670,"فيچال","فيچال أن ٚ آبأ بيگير","Wring","Wring it and take its water"
671,"فچم","أمأن بجار ٚ مئن فچم کار کۊنيم","Bend","We bend over to work in the rice field"
672,"فک","فک بأورده","Misfortune","He/She is misfortunate"
673,"فگيفتم","ايمرۊ حۊقۊق فگيفتم","I Got","I got salary today"
674,"فۊ","فۊ بزن سردأ به بزين بۊخۊر","Blow","Blow it until it's cool and then eat"
675,"فۊبرده","تا کيکأ بأورديم فۊبرده","Swallowed","He/She swallowed the cake as soon as we bring it"
676,"فۊتۊرکسته","شال أمي کرکانأ فۊتۊرکسته","Attacked","Jackal attacked our chickens"
677,"فۊداشتن","کي بۊ فۊداشته؟","Shoot","Who was the one shooting?"
678,"فۊرانه","أن ٚ کاران همهˈ فۊرانه","Keeps Away","His/Her behavior keeps everyone away"
679,"فۊندؤق","چنتا فۊندؤق دأري؟","Hazelnut","How many hazelnuts do you have?"
680,"فۊچين","تي چۊمانأ فۊچين بۊخۊس","Close Your Eyes","Close your eyes and sleep"
681,"فۊکۊده","شيرأ فۊکۊده فرش ٚ سر","Spill","He/She spilled the milk on the carpet"
682,"فۊکۊن فيشان","أيأ هميشک فۊکۊن فيشانه","Messy","It's always messy here"
683,"فۊگۊردسته","فۊگۊردسته خۊفته","Sleeping On the  Stomach","He/She is sleeping on the stomach"
684,"فۊگۊردسته","أمي خانه ديفار فۊگۊردسته","Knocked Down","The wall of our house was knocked down"
685,"قؤوت","أن ٚ دسأ قؤوت دينه","Strength","His hand has no strength"
686,"قاتؤق","ايپچه قاتؤق دۊکۊن کاسه مئن","Stew","Serve some stew in the bowl"
687,"قار","مي مرأ قاره","Angry","He/She is angry with me"
688,"قاق","خبرأ کي بيشتاوستيم قاقأ بؤستيم","Wandering","I was wandering when I heard the news"
689,"قاينا","بيلاخره بتأنستم اۊنأ قاينا بۊکۊنم","Convinced","I could finally convinced him/her"
690,"قيش","مي قيشأ بيدئي؟","Belt","Have you not seen my belt?"
691,"قٚزٚنج","ايپچه پۊل قٚزٚنج بۊکۊدم","Saved (Money)","I saved some money"
692,"قۊشمه مۊ","بۊشۊ تي قۊشمه مۊيأ چأکۊن","Disheveled Hair","Go fix your disheveled hair"
693,"کأشکأرأت","ايتأ کأشکأرأت دار ٚ جؤر نیشته","Magpie","A magpie is sitting on the tree"
694,"کؤتر","کؤترانأ سرأدن","Pigeon","Release the pigeons"
695,"کؤر","اۊ کؤرأ فأندر","Girl","Look at that girl"
696,"کؤرأ","کؤرأ بيشيم؟","Which Direction","Which direction do we go?"
697,"کؤل","بنأ خۊ کؤل ٚ سر","Shoulder","He/She put it on his/her shoulder"
698,"کؤل","أ چاقۊ کؤله","Dull","This knife is dull"
699,"کؤيأ","مي شارژر کؤيأ نهأ؟","Where","Where is my charger?"
700,"کؤيتأ","کؤيتأ دسکش تي شين ايسه؟","Which One","Which one is your glove?"
701,"کؤيدانه","کؤيدانه-يأ گي؟","Which One","Which one do you say?"
702,"کئخۊدامردي","تي کئخۊدامردي ته ره بدر خۊره","Judgment","Your judgement have only use for yourself"
703,"کئن کئن","کئن کئن دأشتي أکه أئي","Linger","He/She was lingering to see when will you come"
704,"کئواني","مي پيله مآر ايتأ کئواني-يه","Dame","My grandmother is a dame"
705,"کاباسي","کاباسي بأورديم","Cursed","We've been cursed"
706,"کاس","تي کاس ٚ چۊمأ خۊش دأرم","Blue","I love your blue eyes"
707,"کال","أ به کاله","Unripe","This quince is unripe"
708,"کاکا","ايپچه کاکا چأکۊن بۊخۊريم","Pancake","Make some pancakes to eat"
709,"کخ","أ شامپؤ کخ نۊکۊنه","Foam","This shampoo doesn't foam"
710,"کرأ","کرأ شم","Right Now","I'm going right now"
711,"کرد ٚکار","تي کرد ٚ کارأ چأکۊن","Behavior","Correct your behavior"
712,"کرچ","پۊر کرچه","Crispy","It's very crispy"
713,"کرک","کرکان کتکتاس کۊنيدي","Hen","Hens go cluck cluck"
714,"کش","اۊن کيسه اۊ کش نيشته؟","Corner","Who is that sitting in the corner?"
715,"کشه","بيأ مي کشه","Embrace","Come to my embrace"
716,"کشک","دۊمرتبه کشکأ بؤستي؟","Spoiled","Are you being spoiled again?"
717,"کفته","تي ميداد زيمين ٚ سر کفته","Has Fallen","Your pencil has fallen on the ground"
718,"کل","أ مردأی کله","Bald","This man is bald"
719,"کلانه","بۊشۊ اۊ کلانه    ٰ بأور","Brazier","Go bring that brazier"
720,"کلاچ","کلاچ پینیرأ اۊساد","Crow","The crow took the cheese"
721,"کلاچ ملاچي","أميرحۊسئن ايتأ کلاچ ملاچي پرهن دۊکۊده بۊ","Black And White","Amir Hossein was wearing a black and white shirt"
722,"کلماجين","أ سئب کلماجينه","Wormy","This apple is wormy"
723,"کله","بۊشۊ کله    ٰ وأگيران","Stove","Go turn the stove on"
724,"کي","کي تأنه مي مرأ بأيه؟","Who","Who can come with me?"
725,"کي","أتؤ نيه کي…","That","It's not like that…"
726,"کيتاب","أ کيتاب مي شينه","Book","This book is mine"
727,"کيس","مي رختان کيس بۊخۊرده","Wrinkled","My clothes are wrinkled"
728,"کيشؤ","میداد کيشؤ دۊرۊن ننأبۊ","Drawer","The pencil wasn't in the drawer"
729,"کيشکا","کيشکائان مۊرغانه جأ بيرۊن أیيد","Chicken","Chickens come out of eggs"
730,"کٚتٚل","بۊشۊ ايتأ کٚتٚل مه ره بأور بينيشينم","Small Stool","Go bring me a small stool to sit on"
731,"کٚوار","أمأن کٚوار ٚ أمرأ غذا چأکۊنیم","Chives","We make food with chives"
732,"کٚکٚج","سبزي-يان ٚ دۊرۊن کٚکٚج مرأ ويشتر خۊش أيه","Garden Cress","I love garden cress the most among the vegetables"
733,"کۊ","بیأ بيشيم کۊ","The Mountain","Let's go to the mountain"
734,"کۊجدانه","مي کۊجدانه برارأ بيدئي؟","Little","Have you seen my little brother?"
735,"کۊدن","چي کۊدن دري؟","Do","What are you doing?"
736,"کۊر ٚ قۊقۊ","کۊر ٚ قۊقۊيأ فأندر","Owl","Look at the owl"
737,"کۊرش","مي غذا کۊرشأ بؤ","Burnt","My food got burnt"
738,"کۊشتن","پۊتارانأ کۊشتن نوأئيد","Kill","Do not kill the ants"
739,"کۊلک","کاموا کۊلکأ بؤسته","Tangled","The yarn has been tangled"
740,"کۊمۊش","کۊمۊشأ فأندر","Turtle","Look at the turtle"
741,"کۊناکۊنا","کۊچه دوسته بۊ کۊناکۊنا وأگردستيم","Backwards","The alley was closed we had to go backwards"
742,"کۊنه","أ دارأ کۊنه سخته","Root","The root of this tree is strong"
743,"کۊنه مۊنه","کۊنه مۊنه کۊدن نوأ","Doubt","Do not doubt"
744,"کۊنۊس","کۊنۊس خأیي؟","Common Medlar","Do you want common medlar?"
745,"کۊکلا","کۊکلا ديچئن دره","Conspire","He/She is conspiring"
746,"گؤرخانه","ايمرۊ گؤرخانه وارش بۊ","Thunder","Today was raining with thunder"
747,"گؤزکا","گؤزکايأ بيده-ئي؟","Frog","Did you see the frog?"
748,"گئسه","خۊ مۊئانأ گئسه کۊنه","Braid","He/She braids his/her hair"
749,"گاب","رجب خۊ گابأ فۊرؤختن دره","Cow","Rajab is selling his cow"
750,"گاره","جغله    ٰ ببر گاره دۊرۊن بۊخۊسان","Cradle","Put the baby in the cradle to sleep"
751,"گاز","مي گاز مرأ در کۊنه","Tooth","My tooth hurts"
752,"گاز ايشکره","ديشب خۊفته-بي گاز ايشکره کۊدي","To Grate Teeth","You were grating your teeth together when you were sleeping last night"
753,"گاچ","تي پا گاچه مگه؟","Bow Legged","Are you bow legged?"
754,"گاگٚلٚف","گاگٚلٚف أرأ دٚوار کۊنم","Sometimes","Sometimes I pass through this way"
755,"گب","أ گب کي گؤفتن درم اۊرارسالان ٚ شينه","Word","These words I'm telling you are from years ago"
756,"گب","مي أمرأ گب بزن","Speak","Speak to me"
757,"گب جکشه","بۊزۊر خأستي مي جا گب جکشه","He/She Make Someone To Talk","He/She wanted to make me talk forcefully"
758,"گب خبربر","گب خبربر ٚ أمرأ گب زئن نوأ","Gossiper","Don't talk to the gossiper"
759,"گب گب ٚ سر","گب گب ٚ سر بأورده","Interrupting The Subject With Another Subject","He/She interrupted the subject with another subject"
760,"گرا دن","گرا دن بأيه","Slip (Sometheng On The Ground Or Table)","Slip it to me"
761,"گراپئت","گراپئتأ بيدين","Disfigured","Look at that disfigured"
762,"گرد ٚ گيج","بيشيم لایجؤن گرد ٚ گيج بزنيم","Ramble","Let's go and ramble around Lahijan"
763,"گرد ٚکله","أمي گرد ٚ کلهˈ لاف دکفته","Gathering","Our gathering got canceled"
764,"گردستن","هرأ گردستن ديبيم","Walk","We were walking around here"
765,"گردن پسه","مي گردن پسه-يأ جۊش بزه","Nape","There's pimple on my nape"
766,"گرديم","هرأ گرديم","We Walk","We are walking around here"
767,"گرزه","گرزه خۊراک أغۊزه","Mouse","The food of the mouse is walnuts"
768,"گرزک","گرزک مرأ بگشته","Bee","The bee stung me"
769,"گرمش","گرمش أمؤن دره","Warm Wind","Warm wind is blowing"
770,"گرگر","زاکان ٚ گرگر ونأشته بۊخۊسم","Noise","the noise from the kids didn't let me sleep"
771,"گلاس","درجکأ گلاس بۊم","Staring","I was staring to the window"
772,"گمج","گمج ٚ مئن أغۊز قاتؤق چأکۊن","Gamaj","Make the fesenjan in the gamaj"
773,"گه","خؤره گه","He/She Says","He/She says that from himself/herself"
774,"گيج گيجي","مرأ گيج گيجي دأن نوأ","Tickle","Don't tickle me"
775,"گيرينجي","گيرينجي مۊ مرأ خۊش أيه","Curly Hair","I like curly hair"
776,"گٚزٚر","گزر ٚ آب چۊم ٚ ره خؤبه","Carrot","Carrot juice is good for the eyes"
777,"گٚل","ميرزا کۊچي خان ايتأ پيله گٚل بۊ","Person","Mirza Kuchak Khan was a great person"
778,"گٚلٚف","گٚلٚف بينيشينيد","With Distance","Sit with distance"
779,"گۊد","مي مرد ٚ گۊدان ديرۊ بامؤبيد أمي خانه","Family","Yesterday my husband's family came to our house"
780,"گۊده","خۊ رختانأ گۊده بۊکۊد","Squeezed","He/She squeezed his/her clothes"
781,"گۊزارش","ايمشب وا مي گۊزارشأ تۊمانأ کۊنم","Report","I have to finish my report tonight"
782,"گۊش ٚ کۊن","مي گۊش ٚ کۊن بۊگؤفته","Beside Someone's Ear","He/She whispered beside my ear"
783,"گۊل","أ گۊلأ ته ره بيهئم","Flower","I bought this flower for you"
784,"گۊلاز","أمي گۊلاز أن ٚ کي گيلکيم","Honor","This is our honor that we are Gilak"
785,"گۊلدان","مي گۊلدان بشکفته","Flower Pot","My flower pot broke"
786,"گۊلي","مي گۊلي مرأ در کۊنه","Throat","My throat hurts"
787,"گۊمار","گۊمار ٚ پۊشت جۊخۊفت","Thorn Bushes","He/She hid behind the thorn bushes"
788,"گۊمگۊمه","مي گۊش ٚ کۊن گۊمگۊمه کۊدي","Whisper","He/She whispered beside my ear"
789,"لؤجنک","بۊشۊ لؤجنکأ دود پيچأ نأيه بۊدۊرۊن","Dormer","Go and close the dormer so cat won't come inside"
790,"لؤفٚت","تي پا سر بئس هي کس ٚ لؤفٚتأ کشئن نوأ","Stoop to a Favor","Stand on your feet and don't stoop to a favor"
791,"لا","أ کاغذأ بنه تي دفتر ٚ لا","Between Two Things","Put this paper between your notebook"
792,"لا","هرچي زأمت بکشه-بيمأ لا بۊکۊد","Ruined","He/She ruined all of our hard work"
793,"لابدان","لابدانأ‌ بيگير","Spider","Catch the spider"
794,"لار","أ تۊرف لاره","Hollow","This radish is hollow inside"
795,"لافند","لافندأ کؤيأ بنأئي؟","Rope","Where did you put the rope?"
796,"لانتي","أ لانتيأ بيدين","Snake","Look at this snake"
797,"لانتۊز","چي ره لانتۊز تأوده؟","Kick","Why is he/she kicking?"
798,"لته","اۊ لته    ٰ مرأ فأدن ميزأ پأکۊنم","Handkerchief","Give me the handkerchief to clean the table"
799,"لس","غذا خۊردن ٚ پسي آدم لسأ به","Flimsy","One become flimsy after eating"
800,"لقد دمج","گۊلانأ لقد دمج نوا کۊدن","Trample","Don't trample the flowers"
801,"لپه","لپه    ٰ تأود","Ball","Throw the ball"
802,"لچه","چیچینی دار ٚ لچه نیشته","Top (Of Something)","Sparrow is sitting on the top of the tree"
803,"لۊاس","لۊاس دامان ٚ مئن زيويسته","Fox","The fox lives in the jungle"
804,"لۊچ","لۊچي مگه؟","Cross-Eyed","Are you cross-eyed?"
805,"لۊچان","أمرأ لۊچان زنه","Rolling Eyes","He/She rolling his/her eyes at us"
806,"مأر","مي مأر بۊشؤ کار ٚ سر","Mother","My mother has gone to work"
807,"مأر ٚ مرد","بعضي-تأ زأکان مأر ٚ مرد دأريدي","Stepfather","Some kids have a stepfather"
808,"مأنستن","خۊ پئر ٚ مأنستن گب زنه","Like","He/She speaks like his father"
809,"مئخ","بچمسته مئخانأ فيشان","Nail","Throw away crooked nails"
810,"مئوه","مئوه    ٰنأ بۊشؤستي؟","Fruit","Did you wash the fruits?"
811,"ما","ايتأ ما بدن","Kiss","Give me a kiss"
812,"ما","أ ما وا بشم مۊسافرت","Month","I should go on a trip this month"
813,"مائي","أکبر دۊتا سيفيد مائي بيهه-بۊ","Fish","Akbar had bought two Caspian white fish"
814,"مات","چي ره ماتأ زئي؟","Astonished","Why are you astonished?"
815,"ماتؤر","مي ماتؤر رؤشنأ نيبه","Motorcycle","My motorcycle doesn't start"
816,"ماده","مي ماده مرأ در کۊنه","Stomach","My stomach hurts"
817,"ماز","اۊ مازأ مرأ وأسينم مي کفشأ","Wax","Give me that wax to applying it to my shoes"
818,"مازۊ","مي مازۊ در کۊنه","Backbone","My backbone hurts"
819,"ماسکأ","ماسکأ بازي-يأ تۊمانأ کۊن","Ridiculous","Stop being Ridiculous"
820,"ماشل","مي مأر ٚ مرأ شؤن دريم مي ماشل ٚ خانه","Aunt (Mother's sister)","I'm going to my aunt's house with my mother"
821,"ماشه","اۊ ماشه-يأ مرأ فأدن","Metal Pincers","Give me that metal pincers"
822,"ماشک","ماشکأ تأود","Fishing Net","Throw the fishing net"
823,"ماقؤل","ماقؤل بۊگؤفتم","It's Good That…","It's good that I said that"
824,"مالا","مي پئر مالايه","Fisherman","My father is a fisherman"
825,"ماندگي گيفتن","بدأ ايپچه ماندگي بيگيرم","Getting Rest","Let me get some rest"
826,"ماچي","ايتأ ماچي مرأ ديهي؟","Kiss","Would you give me a kiss?"
827,"مترس","باغ ٚ مترسه","Scarecrow","It's the scarecrow of the garden"
828,"مته","مته نهأن نوأ","Nuisance","do not make a nuisance"
829,"مجاز","مي مجاز نبره","Taste","It's not my taste"
830,"مدار","هأ مدار بۊشۊ جۊلؤ","Method","Go forward with this method"
831,"مرأ","مرأ بۊگۊ چي خأئي؟","Me","Tell me what you want?"
832,"مراغ","آدمأ مراغأ گيره","Creep","Adam is a problem"
833,"مرجانه","أ کارتانأ مرجانه فگيفتم","Free","I got these cards for free"
834,"مرد ٚ برار","مي مرد ٚ برار ٚ خانه هأ کۊچه دۊرۊنه","Husband's Brother","My husband's brother's house is in this alley"
835,"مرد ٚ برار زن","تي مرد ٚ برار زنأ بيدئم","Sister in Law (Husband's Brother's Wife)","I saw your sister in law"
836,"مرد ٚ خاخۊر","مي مرد ٚ خاخۊر بۊشؤ خارج","Sister in Law (Husband's Sister)","My sister in law went abroad"
837,"مرد ٚ خاخۊرزا","مي مرد ٚ خاخۊرزا أمي خانه ايسأ","Husband's Nephew/Niece","My husband's niece is in our house"
838,"مردأى","أ مردأى ديرۊز بامؤ","Man","This man came yesterday"
839,"مردۊم","مردۊم همه بامؤبيد","People","All people had come"
840,"مضرت","أنقد کي مضرتي تي جان همه جيجايه","Mischievous","You're so mischievous that all of your body is wounded"
841,"مل","أن أنار ٚ مزه مله","Astringent","This pomegranate tsates astringent"
842,"من","من بۊشؤم","I","I went"
843,"مه ره","أ کفشأ مه ره بيهئم","For Myself","I bought these shoes for myself"
844,"مي","مي مأر أمؤن دره","My","My mother is comeing"
845,"ميان","أ گب أمي ميان بمانه","Between","Keep these words between us"
846,"مچد","مچد شؤن دري؟","Mosque","Are you going to the mosque?"
847,"مچه","أمين خۊ مچه    ٰ عمل بۊکۊده","Chin","Amin got a chin surgery"
848,"مک","مي سرأ مکأ کۊده","Dandruff","I got dandruff"
849,"مۊران","آهين مۊران بزه","Rust","The iron is rusty"
850,"مۊرجه","ايپچه مۊرجه دۊکۊن","Lentil","Add some lentil"
851,"مۊرغانه","دۊتا مۊرغانه بأور","Egg","Bring two eggs"
852,"مۊرغانه دشکن","بیأ مۊرغانه دشکن چاکۊنيم","Fried Egg","Let's make fried eggs"
853,"مۊس","مۊس بۊکۊده","Mold","It got moldy"
854,"مۊسافرت","أئي بيشيم مۊسافرت؟","Trip","Do you wanna go on a trip together?"
855,"نأرم","تي شۊمارهˈ نأرم","I Do Not Have","I don't have your number"
856,"نأنسته-بؤ","نأنسته-بؤ أ کارأ بۊکۊده","Unknowingly","He/She did this unknowingly"
857,"نؤبدان","اي نفرأ بأور نؤبدانأ چأکۊنه","Gutters","Bring someone to fix the gutters"
858,"نؤرۊزبل","جلالي تقویم ٚ مئن ۱۷ مۊرداد نؤرۊزبله","Nowruzbal","In Jalali calendar Mordad 17 is Nowruzbal"
859,"نؤغان","أمأن گیلان ٚ مئن پۊر نؤغان دأریم","Silkworm","‌We have a lot of silkworms in Gilan"
860,"نابراري","أن مي نابراري-يه","Step Brother","This is my step brother"
861,"ناجه","ناجه دأرم ايمرۊ بازي-يأ سر بيبيم","Hope","I hope to win the game today"
862,"ناحق ؤ نابۊد","ناحق ؤ نابۊد کرأ زٚجٚر کشیم","Unjustly","We are suffering unjustly"
863,"ناخبر","رضا ناخبر بامؤ أمي خانه","Intrude","Reza intruded to our house"
864,"ناخۊش آوال","ايمرۊ ايپچه ناخۊش آوالم","Sick","I'm a little bit sick today"
865,"ناخۊن","مي پا ناخۊن بشکفته","Nail","My toe nail broke"
866,"ناخۊن","تي ناخۊنأ بيگير","Nail","Clip your nail"
867,"ناره","ناره کۊدن دره","Nazy","It is silent"
868,"نازبداشته","أمي زأکأن نازبداشته-ئيد","Spoiled","Our kids are spoiled"
869,"ناسۊس","بۊشۊ ناسۊسأ بأور","Air Pump","Go bring the air pump"
870,"ناقلن","ناقلن تۊ أمي مرأ بيأ","At Least","At least you come with us"
871,"ناکس","ناکس ٚ پۊشتين بؤستن نوأ","Coward","Do not support the coward"
872,"نتاج","أمان گيلک ٚ نتاجيم","Generation","We are gilak generation"
873,"نجاق","نخأستي بأيه نجاق ٚ مرأ أنأ بأوردم","Force","HE/She didn't want to come we forced him/her"
874,"ندار","ندار ٚ آدمه","Broke","He/She is broke"
875,"نشأ","راشيأ آب بيگيفته شؤن نشأ","Can't","The water closed the road we can't go"
876,"نقل","ايتأ نقل بۊگۊ","Story","Tell a story"
877,"نم","أمي وسيلهˈنأ نم بزه","Moist","Our stuff got moisten"
878,"ننأ","فاکتؤران ميز ٚ سر ننأ","Is Not","Invoices are not on the table"
879,"نهأن","پلايأ نهأن درم کله ٚ سر","Put","I'm putting the rice on the stove"
880,"نوأ","اۊتؤ گب زئن نوأ","Don't","Don't talk like that"
881,"نيده بيده","نيده بيده-کانأ مأنه","Upstart","He/She looks like an upstart"
882,"نيشت","همه-تا نيشت مئن ايسأبيد","Session","All of them were in the session"
883,"نيشتاو","زأکي-يم نيشتاو بي","Stubborn","You were stubborn in your childhood too"
884,"نيميزگيره","درأ نيميزگيره وأکۊن","Slightly","Open the door slightly"
885,"نيويره","مرأ سربسر نهأن نوأ نيويره بد ديني-يأ","Otherwise","Don't bother me otherwise you'll see badly"
886,"نيويشتن","کيتاب نيويشتن درم","Write","I'm writing a book"
887,"نپج","أ نۊخۊدان نپجه","Take Too Long To Cook","These peas take too long to cook"
888,"وأبرازه","أ پرهن ترأ وابرازه","It Suits","This shirt suits you"
889,"وأجه","تي دۊماغأ اي چي وأجه","Sticking","Something's sticking on your nose"
890,"وأده","أمرأ وأده بيگيفته","Invite","He/She has invited us"
891,"وأسي","وأسي دۊ تا نان فگيفته-بيم","Should","I should have bought two breads"
892,"وأسي","ايمرۊ پۊر کار دأرم، هأن ٚ وأسي زۊد بأمؤم","Because","There's a lot of work, I came early because of that"
893,"وأمجي","چي ره وأمجي؟","You Are Looking For","What are you looking for?"
894,"وأمرازه","أ گبان ترأ وأمرازه","It Doesn't Suit","These words doesn't suit you"
895,"وأورس","اۊ زناکأ وأورس","Ask","Ask that woman"
896,"وأورسي","هرچي وأورسي ترأ گب بسرأ کۊنه","You Ask","Whatever you ask he/she changes the subject"
897,"وأچئن","خۊ خانه سرأ وأچئن دره","Remove","He/She is removeing the roof of his/her house"
898,"وأچۊک","دارأ وأچۊک","Climb","Climb the tree"
899,"وأکفته","أمرأ وأکفته","Pester","He/She pestered us"
900,"وأکفتيم","أمأن وأکفتيم","We're Exhusted","We're exhusted"
901,"وأکۊده","مأمدأ وأکۊده بامؤ","Drop","He/She Dropped Mohammad off and he/she came back"
902,"وأکۊن","درأ وأکۊن","Open","Open the door"
903,"وأگردان","أ کيتابأ تۊ وأگردان بۊکۊدي؟","Translate","Did you translate this book?"
904,"وأگردان","اۊ شامي-یأ وأگردان","Flip","Flip that cutlet"
905,"وأگردانئده","أ خيابان ٚ ايسمأ وأگردانئده","They Have Changed","They have changed the name of this street"
906,"وأگردانئم","کيتابأ وأگردانئم","I Returned","I returned the book"
907,"وأگيران","گازأ وأگيران","Turn Something On","Turn the Stove on"
908,"وئر","تأني أ رۊخانأ وئر بزني؟","Crossing The River","Can you cross the width of this river?"
909,"وا","أيتأ اۊيتأ نأره همه وا بأئيد","Must","There's no this and that, everyone must come"
910,"وا","سرد ٚ وا دمه","Wind","Cold wind is blowing"
911,"وا","هرچي خۊرم هنده مرأ وا","Craving","Whatever i eat I'm still craving"
912,"وابؤن","در وابؤ","Opened","The door opened"
913,"واترکستم","خأنده جأ واترکستم","I Burst Out","I burst out laughing"
914,"واتين","گيدي کؤرؤنا واتين دأره","Communicable","They say Corona is communicable"
915,"واجؤر","أ بج واجؤر کۊنه","Fluffy","This rice becomes fluffy"
916,"واجام","ميرزاقاسمي واجام ٚ جأ چأکۊده به","Eggplant","Mirza Ghasemi is made from eggplant"
917,"واجاوره","هر چي خۊره واجاوره","He/She Vomits","Whatever he/she eats he/she vomits"
918,"واخان","أنأ واخان","Re-Read","Re-read this"
919,"واخب","أمان ديرۊ واخبأ بؤستيم","Informed","We got informed yesterday"
920,"واخۊر","آب واخۊر","Drink","Drink water"
921,"واد","ويريز تي وادأ بيگيرم","Measure","Stand up and let me measure you"
922,"واداشته","أمرأ واداشته أ سرد ٚ هوا دۊرۊن بئسيم","Forced","He/She forced us to stay in this cold weather"
923,"وارؤختن","گيلانأ وارؤختن درد","Plunder","They are plundering Gilan"
924,"وارستن","وارش وارستن دره","Raining","It is raining"
925,"وارسي","ايپچه اۊشنتر همه    ٰ وارسي کۊديد","Inspection","A little further they were inspecting everyone"
926,"وارسي","وا أول وارسي بۊکۊنيد","Research","We should research first"
927,"وارش","ديرۊ وارش بامؤ","Rain","It rained yesterday"
928,"واز","گؤزکايأ فأندر چۊتؤ واز کۊنه","Jump","Look at the frog how it's jumping"
929,"واز ؤ ولنگ","زاکان پارک ٚ دۊرۊن چي واز ؤ ولنگي کۊنيدي","Capering","Children capering in the park"
930,"وازده","مرأ وازده بأورده","Being Under Pressure","He/She is putting me under pressure"
931,"وازن","تي کفشأ وازن بيشيم","Wear","Wear your shoes let's go"
932,"واسئن","اۊن چیسه تي دينأ وأسئن دري؟","Rub","What are you rubbing to your face?"
933,"واسرأ دأن","أمرأ واسرأ دأ","Send Someone on a Fool's Errand","He/She Sent us on a fool's errand"
934,"واسۊجانه","أمي خۊنا واسۊجانه تا خۊ مدرکأ فأگيفت","He/She Burned Up","He/She burned our blood up until he/she graduated"
935,"واسۊخسته","ترأ واسۊخسته آدم هفتاد سال پاکي نأره","Ran Into","Someone who ran into you won't be cleansed for seventy years"
936,"واش","گاب ٚ ره خاش فۊکۊنه سک ٚ ره واش","Grass","He/She throws bone for the cow and grass for the dog"
937,"واشان","بۊشۊ جايأ واشان","Spread","Go and spread the bed sheets"
938,"واشکاف","أ پرهن ٚ درزأ واشکاف","Open","Open the seam of this shirt"
939,"واشکاف","مرأ حالي نؤبؤسته، ايپچه واشکاف","Explain More","I didn't understand, explain a little bit more"
940,"واشکافيدي","باهار ٚ وخت گۊلان واشکافيدي","Bloom","In the spring the flowers bloom"
941,"والان","تي پرهنأ اۊيأ والان","Hang","Hang your shirt over there"
942,"والنگ","نيصف ٚ را والنگأ دأ","Quit","He/She quit halfway through"
943,"واليشتن","گاب خۊ مانده    ٰ واليشتن دره","Licking","Cow is licking its calf"
944,"وامختن","چي-يأ وأمختن دري؟","Search","What are you searching for?"
945,"واهيل","مي ديل واهيلأ بؤسته","Restless","My heart has been restless"
946,"واويجان","مائي-يأ خؤب واويجان","Grill","Grill the fish properly"
947,"واوين","أ خالأ واوين","Cut","Cut this branch"
948,"واپس","چي ره واپس شؤن دري؟","Backward","Why are you going backward?"
949,"واپلکه","تيانأ بنه بدأ ايپچه واپلکه","Soaked","Leave the stock pot to get soaked"
950,"واچرد","تا نانأ بيده نيصفأ وأچرد","Cut","As soon as he/she saw the bread he/she cut it into half"
951,"واکاريد","بعضي-يان خأئيد أمي ميانأ واکاريد","To Make Quarrel Between Two People","Some people want to make a quarrel between us"
952,"واکاشته","أمرأ أيأ واکاشته","Made Us Wait","He/She made us wait here"
953,"واگير","أن ٚ مأر أن ٚ گبأ واگير کۊنه","Confirming Someone's Words","His/Her mother Confirms his/her Words"
954,"وخت","باهار ٚ وخت أيم گيلان","Time","I'll come to Gilan in the spring time"
955,"ودره","اۊ ودرهˈ فأدن مرأ","Bucket","Give me that bucket"
956,"ورأچۊک","بامؤ أمي ورأچۊک بينيشته","Next To","He/She came and sat next to us"
957,"ورجا","کيتابان أمد ٚ ورجا نهأ","With","The books are with Ahmad"
958,"ورف","أجۊر ورف کي تا هسأ بيده بۊ؟","Snow","Who had seen such snow?"
959,"ورگ","ايتأ سيا ورگ بيدئم","Wolf","I saw a black wolf"
960,"وسته","هأنقد مرأ وسته","Is Enough","This much is enough for me"
961,"ول","آتش ٚ ولأ فأندر","Fire Flame","Look the fire flame"
962,"ولکي","ايپچه بئسيد ولکي أميرم بأيه","Maybe","Wait a little maybe Amir comes too"
963,"ولگ","مي اينستا ولگأ دأري؟","Page","Do you have my Instagram page?"
964,"ولگ","پئيز ولگان خؤشگيلأ بيد","Leaf","In the autumn leaves become beautiful"
965,"وهاشته","مي پئر مرأ وهاشته بأيم","Allowed","My father allowed me to come"
966,"ويريزانه","أمرأ أمي جا سر ويريزانه","Made Someone Get Up","He/She made me get up from my seat"
967,"ويريزانه","خاب ٚ جا أمرأ ويريزانه","Woke Someone Up","He/She woke us up"
968,"ويريشته","اۊن کيسه ويريشته؟","stand up","Who is the one standing up?"
969,"ويريشته","بۊشۊ بيدين زأى ويريشته؟","Awake","Go and see if the baby is awake?"
970,"ويشتا","مرأ ويشتايه","Hungry","I'm hungry"
971,"ويشتر","ويشتر آب دۊکۊن","More","Pour more water"
972,"ويني زئک","تي دۊماغ ويني زئکأ پأکۊن","Snot","Wipe away the snot of your nose"
973,"ويگير","گۊشي-يأ ويگير","Pick Up","Pick up the phone"
974,"وٚلٚش","بيأ بيشيم وٚلٚش چيني","Raspberry","Let's go pick raspberry"
975,"ؤ","من ؤ حۊسئن دۊتائي شيم","And","Me and Hosein will go together"
976,"هأتؤ","حؤکمن هأتؤيه کي شۊمان گيد","As Well","It's most likely as well as you say"
977,"هأنه","أمي دار ؤ ندار هأنه","This Is","This is all of our property"
978,"هأچين","هأچين حق ٚ سأى بۊکۊديم","For Nothing","We tried for nothing"
979,"هأچين پلا","هأچين پلا خۊردأن درم","Plain Rice","We're eating plain rice"
980,"هأچينه","خانه أثاثانأ هأچينه فأدأ بۊشؤ","Free","He/She gave away the house furniture for free"
981,"هئن","چي هئن دري؟","Buying","What are you buying?"
982,"هر ساعت دقه","هر ساعت دقه أيه أمي خانه","All The Time","He/She comes to our house all the time"
983,"هرتا","هرتا گۊشي-يان ايتأ خؤبي دأريدي","Each","Each mobile phone has its own features"
984,"هسأ","هسأ أيم","Now","I'm coming now"
985,"هش","هش نفر بامؤئيد","Eight","Eight people came"
986,"هف","هف نفر نامؤبيد","Seven","Seven people had not came"
987,"هف شب","فردأ مي جغله هف شبه","The Seventh Night's Party For Baby","Tomorrow is the seventh night's party for my baby"
988,"هلاچين","زاک ٚ ره صارا دۊرۊن هلاچين چأکۊدم","Swing","I made a swing for my child in the yard"
989,"هلماله","هلماله اۊن ٚ ورجا نشم","Never","I will never go to him/her"
990,"هم زاما","مي هم زاما هرشب أمي خانه ايسأ","Brother in Law (Wife's Sister's Husband)","My brother in law is at our house every night"
991,"همه-دأنه","فردأ همه-دأنه أئيدي","All Of Them","All of them will come tomorrow"
992,"هميشک","گيلان هميشک وارشي-يه","Always","Gilan is always rainy"
993,"هندم هۊندم","هندم هۊندمه کي واران بأيه","Soon","it will rain soon"
994,"هني","هني وا بيشي","Still","You still have to go"
995,"هيزار","هيزار ريال دئه پۊل نيه","Thousand","One thousand Rials is not that much money anymore"
996,"هيست","واران وارستي هيستأ بؤستم","Wet","It was raining and I got wet"
997,"هيل","ايپچه هيلم دۊکۊن","Coriander","Add some coriander too"
998,"يأ","أنأ خأئي يأ اۊنأ؟","Or","Do you want this one or that one?"
999,"ياره","خاليشواشأ فأدن مي مأر ته ره ياره","He/She Muddle","Give the oregano to my mother and she will muddle it for you"
1000,"ياور","تأنيد مرأ ياور بديد؟","Help","Can you help me?"
