id,glk_word,glk_example,fa_word,fa_example
1,آ,آ مأمۊد خؤرم آدمه,آقا,آقا محمود آدم خوبى است
2,آج,آج بأورده,سيری‌ناپذير,سيری‌ناپذير است
3,آجۊر,ديفارˇ آجۊر کفتن دره,آجر,آجر ديوار دارد مى‌افتد
4,آخربسر,من کي دأنم آخربسر وا بأئي مي ويجأ,سرانجام,من که مى‌دانم سرانجام بايد نزد من بيايى
5,آخرپس,شانامه آخرپس خۊشه,پايان,پايان شاهنامه خوش است
6,آدم-نفر,شيمي آدم -نفران کؤيأ ايسأئيد؟,اعضا,اعضای شما کجا هستند؟
7,آشخال جابه,آشخالانأ تأود آشخال جابه,سطل زباله,زباله‌ها را داخل سطل زباله بينداز
8,آغۊز,آغۊز خۊري؟,گردو,گردو می‌خوری؟
9,آلاخان والاخان,آلان والاخاني جأ بئتره,دربه‌در,از دربه‌دری بهتر است
10,آها,آها، منم أيم,بله,بله، من هم می‌آيم
11,آهين,مي دۊکان آهين پۊرد ٚ ور نهأ,آهن,مغازه من کنار پل آهنی است
12,آوج,هرچي زنگ بزئم آوجأ ندأ,جواب,هر چه زنگ زدم جواب نداد
13,أ,شۊفاژأ چأکۊدي؟,را,شوفاژ را تعمير کردی؟
14,أبچ,أبچˇ کاران کۊدن نوأ,بى‌مزه,کارهاى بى‌مزه نکن
15,أتؤ,أتؤ ني-يه,چنين,چنين نيست
16,أجۊر,أجۊر چي-يان مرأ حالي ني-يه,اين‌گونه,اين‌گونه چيزها را متوجه نمى‌شوم
17,أدٚل,أدٚل ايمرۊ کي خأستيم بيشيم بيرۊن مه ره کار پيش بامؤ,درست,درست امروز که مى‌خواستيم بيرون برويم برايم کار پيش آمد
18,أدٚل,أدٚل هأ ايمرۊ وأسي واران بامؤبي؟,درست,درست همين امروز بايد باران می‌آمد؟
19,أذب,مي برار أذبه,مجرد,برادرم مجرد است
20,أرايم,أرايم بيأ,اين‌طرف هم,اين‌طرف هم بيا
21,أرسۊ,تي أرسۊئانأ پاکۊن,اشک,اشک‌‌هايت را پاک کن
22,أزازيل,أ أزازيلˇ زاکانأ فأندر,بسيار شيطان,اين بچه‌هاى بسيار شيطان را نگاه کن
23,أسباب,ايپچه أسباب بأورم بۊخۊري؟,خوراکى,کمى خوراکى بياورم بخورى؟
24,أشان,أشان کي أمؤن دريد کيسيد؟,اين‌ها,اين‌ها که دارند مى‌آيند چه کسانى هستند؟
25,أشبل,مائي أشبلˇ مرأ کۊکۊ چأکۊنيدي,تخم ماهى,با تخم ماهى کوکو درست مى‌کنند
26,ألاو,جه وس هوا سرده أمي دهنأ ألاو بيرۊن أيه,بخار,از بس هوا سرد است از دهان ما بخار خارج مى‌شود
27,ألباقي,شيرˇ ألباقي-يأ دۊکۊن جا دۊرۊن,باقى‌مانده,باقى‌مانده شير را داخل ظرف بريز
28,ألنگ,مرأ ألنگ بزه بکفتم,پشت پا,به من پشت پا زد افتادم
29,أمأن,أمأن دۊ نفريم,ما,ما دو نفر هستيم
30,أمؤن,ورزشگا جأ أمؤن درم,آمدن,دارم از استاديوم مى‌آيم
31,أمبست,أ دؤغ خأيلي أمبسته,غليظ,اين دوغ خيلى غليظ است
32,أمرأ,منم تي أمرأ أيم,با,من هم با تو مى‌آيم
33,أمي,شۊمانم أمي أمرأ أئيدي؟,ما,شما هم با ما مى‌آييد؟
34,أن,أن چيسه؟,اين,اين چيست؟
35,أنديفه,أ ساعت چارصد تۊمۊن أنديفه دأره؟,ارزش,اين ساعت چهارصد تومن ارزش دارد؟
36,أنگاره,چي ره أنقد أنگاره بيده-ئي؟,تدارک,براى چه اين‌قدر تدارک ديده‌اى؟
37,أوانگاره,هأچين أمه ره أوانگاره بيده-ئيم,دردسر,بيخود براى خودمان دردسر درست کرديم
38,أوري,مي کافشينأ أوري؟,می‌آوری,کاپشن من را مى‌آورى؟
39,أولي,أولي تۊنۊره؟,اول,تنور اول است؟
40,أوير,مي ساعتأ أويرأ کۊدم,گم,ساعتم را گم کردم
41,أويستي,أشان دۊتا أويستي-يأ مأنيدي,هوو,اين دو نفر مانند هوو هم هستند
42,أيأ,تي کيليدانأ أيأ بنأ بۊم,اين‌جا,کليدهايت را اين‌جا گذاشته بودم
43,أياز,أياز بينيشته گۊلانˇ سر,شبنم,شبنم روى گل‌ها نشسته است
44,أژدم,تي پلا أژدمه,بسيار شور,پلو تو بسيار شور است
45,أکه,أکه تأنيم بازي بۊکۊنيم؟,چه وقت,چه وقت مى‌توانيم بازى کنيم؟
46,ؤ,من ؤ حۊسئن دۊتائي شيم,و,من و حسين دو نفري مي‌رويم
47,ارجئن ارجئن,﻿کاغذانأ همهˈ ارجئن ارجئنأ کۊده,ريز ريز,تمام کاغذها را ريز ريز کرد
48,اي,اي تۊمۊن پۊل خأيم,يک,يک ميليون پول لازم دارم
49,اي فچم,ترأ بيدينم اي فچم ماچي دهم,بسيار زياد,تو را ببينم بسيار زياد مى‌بوسم‌ات
50,اي مۊشته,اي مۊشته بج مرأ فأدن,يک مشت,يک مشت برنج به من بده
51,اي وخت,ئي وخت ترأ خأيلي خأستيم,زمانی,زمانی تو را خيلى می‌خواستم
52,اي ور,أنˇ رختان هرتأ اي ور کفته,يک گوشه,هرکدام از لباس‌هايش يک گوشه افتاده است
53,اي وري,أ تابلؤ چي ره اي وري نهأ؟,کج,برای چه اين تابلو کج است؟
54,اي پئم,اي پئم آجيل مرأ فأدي؟,يک مشت,يک مشت آجيل به من مى‌دهى؟
55,ايتأ,ايتأ کاغذ مرأ فأدن,يک,يک کاغذ به من بده
56,ايجانا,من ؤ ميعاد ايجانا بۊشؤئيم بيرۊن,با هم,من و ميعاد با هم بيرون رفتيم
57,ايدانه,ايدانه کۊئي خأيم,يک عدد,يک عدد کدو مى‌خواهم
58,ايدفأ,ايدفأ بامؤم شيمي خانه,يک‌بار,يک‌بار به خانه شما آمدم
59,ايدفأئي,ناصر ايدفأئي بامؤ اۊتاقˇ دۊرۊن,ناگهان,ناصر ناگهان داخل اتاق آمد
60,ايدقه,أنأ ايدقه بدأر,يک دقيقه,اين را يک دقيقه نگه‌دار
61,ايدقه,ايدقه بئس,يک دقيقه,يک دقيقه صبر کن
62,ايرۊز,ايرۊز دئه بمانسته مي تعطيلي-يان تۊمانأ به,يک‌روز,يک‌روز ديگر مانده تا تعطيلاتم تمام شود
63,ايزه,ايزه بۊشۊ اۊشنتر,کمى,کمى آن طرف‌تر برو
64,ايسأبيد,ديشب همه أمي خانه ايسابيد,بودند,همه ديشب خانه ما بودند
65,ايسال,ايسال دئه مي درز تۊمانأ به,يک‌سال,يک سال ديگر درسم تمام مى‌شود
66,ايسم,تي ايسم چيسه؟,نام,نام تو چيست؟
67,ايسيد,شۊمان چن نفر ايسيد؟,هستيد,شما چند نفر هستيد؟
68,ايسکمۊ,بۊشۊ دۊکان دۊتا ايسکمۊ بيهين,بستنی يخی,برو مغازه دو عدد بستنی يخی بخر
69,ايشتاو,هأی أمرأ ايشتاو ديهه,هشدار,مدام به ما هشدار می‌دهد
70,ايشتاوي,ايشتاوي چي گمه؟,می‌شنوی,می‌شنوی چه می‌گويم؟
71,ايششه,ايششه، أنˇ سرمچهˈ فأندر,لفظ تنفر (اه),اه، قیافه‌اش را نگاه کن
72,ايشماردن,مي زأى ايشماردنأ نأنه,شمارش,بچه من شمارش بلد نيست
73,ايشکؤر,کيشکائان ٚ رئم ايشکؤر فۊکۊن,خرده‌برنج,برای جوجه‌ها هم خرده‌برنج بريز
74,ايشکنئن,چي-يأ ايشکنئن دري؟,شکستن,دارى چه چيزى را مى‌شکنى؟
75,اينسان,اينسان بۊبۊ,انسان,انسان باش
76,اينفر,اينفر دئه خأئيم أمي جرگه چأکۊده ببه,يک‌نفر,يک‌نفر ديگر مى‌خواهيم تا گروه‌مان درست شود
77,ايوار ايوار,ايوار ايوار شئطان مرأ گه . . .,گهگاه,گهگاه شيطان به من مى‌گويد . . .
78,ايواردم,ايواردم وا بشم بازار,يک‌بار ديگر,يک‌بار ديگر بايد به بازار بروم
79,ايوارٚکي,ايوارٚکي بۊگۊ نأيم ترأ راحتأ کۊن,به يک‌باره,به يک‌باره بگو نمى‌آيم خودت را خلاص کن
80,ايپچه,ايپچه پلا مه ره دۊکۊن,کمی,کمى پلو براى من بريز
81,ايچي,ايچي خأيم ترأ بگم,يک‌چيز,يک‌چيز مى‌خواهم به تو بگويم
82,اپيچم,گۊش نۊکۊني ايپيچم ترأيأ,برخورد تندی می‌کنم,توجه نکنى برخورد تندى با تو مى‌کنم
83,اۊتاق,مي اۊتاق کؤيتأ ايسه؟,اتاق,اتاق من کدام يک است؟
84,اۊدۊشتن,سۊمبۊرˇ مأنستن أمي خۊنأ اۊدۊشتن دريد,مکيدن,مانند زالو دارند خون ما را مى‌دوشند
85,اۊرشين,کترأيأ اۊسادم قاتؤقا اۊرشين بزئم,هم زدن,کفگير چوبى را برداشتم خورش را هم زدم
86,اۊسان,قاقؤشاقانأ اۊسان بأور,بردار,قاشق‌ها را بردار بياور
87,اۊسه کۊد,أ کيتابأ کي اۊسه کۊد؟,فرستاد,اين کتاب را چه کسی فرستاد؟
88,اۊشان,اۊشان کيسيد؟,آن‌ها,آن‌ها چه کسانى هستند؟
89,اۊشکؤفت,آب مرأ اۊشکؤفت,در گلو گير کرد,آب در گلويم گير کرد
90,اۊن,اۊن چيسه؟,آن,آن چيست؟
91,اۊيأ,مهينˇ کيف اۊيأ نهأ,آن‌جا,کيف مهين آن‌جا است
92,اۊچين,تي کيتابانأ اۊچين خأيم سفره واشانم,جمع کن,کتاب‌هايت را جمع کن مى‌خواهم سفره پهن کنم
93,اۊکۊف,أمه ره اۊکۊف نأره,شگون,براى ما شگون ندارد
94,بأور,بۊشۊ مي کيفأ بأور,بياور,برو کيفم را بياور
95,بؤبؤسته,أ پلا دئه بؤبؤسته,آماده,اين پلو ديگر آماده است
96,بؤبؤسته,چي بؤبؤسته؟,شده است,چه شده است؟
97,بؤبؤسته,شهين مردˇ ره بؤبؤسته,ازدواج زن,شهين شوهر کرد
98,بؤرسفته,مي کيفˇ بند بؤرسفته,پاره شد,بند کيفم پاره شد
99,بؤرسن,دئه بؤرسن,تمام کن,ديگر تمام کن
100,بؤق,ماشينˇ شيشه بؤق بۊکۊده,بخار,شيشه ماشين بخار کرده است
101,بئس,ايمشبأ أمي خانه بئس,بمان,امشب را در خانه ما بمان
102,بئس,ايپچه بئس,صبر کن,کمی صبر کن
103,بئگان,هۊيأ بئگان,بيفکن,همان‌جا بيفکن
104,بار بامؤئيد,گيلکان نترس بار بامؤئيد,تربيت شده‌اند,گيلک‌ها شجاع تربيت شده‌اند
105,باش,خۊ پيله برارأ باشه,پيروز,بر برادر بزرگ‌اش پيروز است
106,باقي بمأنسته,أنˇ باقي بمانستهٰ چي بۊکۊنم؟,باقى‌مانده,باقى‌مانده اين را چه کنم؟
107,بال,مي بالأ بيگير,دست,دستم را بگير
108,بال زئن,أنˇ پئر أنأ بال بزه,حمايت کردن,پدرش از آن حمايت کرد
109,بالاخا,أمي بالاخا ويريشته,هواخواه,به هواخواهى ما برخاست
110,بامؤخته,بامؤخته آدمأ همه دۊس دأريدي,با ادب,آدم با ادب را همه دوست دارند
111,بامؤختي,اۊشاني کي بۊگؤفتمه بامؤختي؟,ياد گرفتی,آن‌هايى که گفتم را ياد گرفتى؟
112,باور,مرأ باور نأيه,پذيرش,نمی‌توانم بپذيرم
113,ببه,شؤن درم بازار أگه دوسته ببه أيم بخانه,باشد,دارم به بازار مى‌روم اگر بسته باشد به خانه مى‌آيم
114,ببه,من گب خبربري نۊکۊنم هرچي خأيه ببه بدأ ببه,بشود,من خبرچينى نمى‌کنم هرچه مى‌خواهد بشود بگذار بشود
115,بتپسته,يخچال أسبابˇ جأ بتپسته-يه,پر,يخچال پر از خوراکى است
116,بج,ايمسال بج چقد گيرانأ بؤسته,برنج,امسال برنج چه‌قدر گران شده است
117,بجاوسته,کي خۊ بجاوسته آدامسأ تاودأ خيابانˇ دۊرۊن؟,جويده,چه کسى آدامس جويده‌اش را در خيابان انداخت ؟
118,بجسته,مي دسˇ رگ بجسته,برجسته,رگ دستم برجسته شد
119,بخألي,بخألي آخري سال ببه,به گمانم,به گمانم سال آخر باشد
120,بخانه,مي مأرˇ شان بخانه ايساده,خانه,مادرم و بقيه خانه هستند
121,بدأ,بدأ بيدينم چي تأنم بۊکۊنم,بگذار,بگذار ببينم چه مى‌توانم بکنم
122,بدگيل,أ مانتؤ بدگيل ني-يه أمما مي ديلأ نيگيفته,زشت,اين مانتو زشت نيست اما مورد پسند من نيست
123,برأر,مي برار بۊشؤ ايجباري,برادر,برادرم به سربازی رفته است
124,برار زن,أفشينˇ برارزن مي خاخۊرˇ أمرأ ريفئقه,زن برادر,زن برادر افشين با خواهر من دوست است
125,برارزا,مي برارزا بۊشؤ سربازي,برادرزاده,برادرزاده‌ام به سربازى رفته است
126,بردن,تقي-يم زن ببرده,ازدواج مرد,تقى هم زن گرفته است
127,برسه,أ خۊرمالۊئان برسه,پخته,اين خرمالوها پخته است
128,بزن بزن,ديرۊ أمي کۊچه سر بزن بزن بۊ,درگيرى,ديروز سر کوچه ما درگيرى بود
129,بسته,بسته کۊني؟,شرط,شرط مى‌بندى؟
130,بسر تأودأ,مأمد مرأ بسر تأودأ بشم بانک,يادآورى کرد,محمد به من يادآورى کرد به بانک بروم
131,بسر دکفتم,بسر دکفتم ايمسال بشم دانشگا,تصميم گرفتم,تصميم گرفتم امسال به دانشگاه بروم
132,بسرافت دکفتي,تازه ايمسال بسرافت دکفتي بيجارأ نوأ فۊرؤختن؟,به ياد افتادن,تازه امسال به ياد افتادى که شاليزار را نبايد فروخت؟
133,بسچي,بسچي کي أيم,به‌طور قطع و يقين,به‌طور قطع و يقين مى‌آيم
134,بشکفت,ورفˇ سينگيني جأ داران همه بشکفت,شکست,از سنگينى برف تمام درخت‌ها شکست
135,بل,أن ٚ بل بلˇ گۊشأ فأندر,پهن و درشت,گوش‌های پهن و درشت‌اش را نگاه کن
136,بمأنستم,دئه بمأنستم,از پا افتادم,ديگر از پا افتادم
137,بمأنسته,أ نان بمانسته-يه,بيات,اين نان بيات است
138,بمرده,کؤرؤنا وأسي دأني چن نفر بمرده؟,مرده,به‌خاطر کرونا می‌دانی چند نفر مرده است؟
139,بنأ اۊسان,آدم وا خۊ بنأ اۊسانأ بدأنه,راه و روش زندگى,آدم بايد راه و روش زندگى خودش را بداند
140,بندام,بندامˇ آدمˇ مرأ نوأسي نيشتن,بدنام,با آدم بدنام نبايد ارتباط داشت
141,بنماسته,خؤرأ أمرأ بنماسته,نشان داد,خودش را به ما نشان داد
142,بنه,تي ماشينأ هأيأ بنه,بگذار,ماشين‌ات را همين‌جا بگذار
143,به,أ راديؤ چأکۊده به؟,مى‌شود,اين راديو درست مى‌شود؟
144,به زرف,پئله-يأ به زرف بزه زيمين بشکنه,محکم,نعلبکى را محکم به زمين زد شکست
145,به فسکأ دأ,أمرأ به فسکأ دأ,لو داد,ما را لو داد
146,بي,تۊ ناصرˇ أمرأ بي؟,بودى,تو با ناصر بودى؟
147,بي,مي أمرأ ريفئقأ بي؟,مى‌شوى,با من دوست مى‌شوي؟
148,بي شناق,بعضي-يان خأيلي بي شناقيد,حق نشناس,بعضى‌ها خيلی حق نشناس هستند
149,بي پا,گيلانˇ بيجاران همه بي پا بؤستن دره,نابود,تمام شاليزارهاى گيلان دارد نابود مى‌شود
150,بي پۊشت,خۊدا بۊکۊنه هي کس بي پۊشت نبه,تنها,خدا کند هيچ کس تنها نباشد
151,بي چنگ ؤ مۊشت,آدم نوأ بي چنگ ؤ مۊشت ببه,بى‌عرضه,آدم نبايد بى‌عرضه باشد
152,بياره,هرکي وا بياره خۊ گبأ بزنه,جرأت کند,هرکس بايد جرأت کند سخن خود را بگويد
153,بيافتي,وأمج ولکي بيافتي,پيدا کردی,جستجو کن شايد پيدا کردى
154,بيبيشته,مي ديل بيبيشته بج خأيه,سرخ شده,دلم برنج سرخ شده مى‌خواهد
155,بيجار,أگه کاري نۊکۊنيم أمي بيجاران همه جه دس شيدي,شالى‌زار,اگر کارى نکنيم تمام شاليزارهاى‌مان  از دست مى‌روند
156,بيجار,بيجارکار کۊدن دره,شالی‌زار,در شاليزار کار مى‌کند
157,بيجير,بيأ بيجير,پايين,بيا پايين
158,بيرۊن,بۊشۊ بيرۊن,بيرون,برو بيرون
159,بيسپاردم,مرجانأ بيسپاردم,سفارش کردم,به مرجان سفارش کردم
160,بينا کۊده,سعيد ديرۊ تا هسأ بينا کۊده درز خأندن,شروع کرد,سعيد از ديرۊز تا حالا شروع کرده درس بخواند
161,بينيشانه-ئي,زاکانأ کؤيا بينيشانه-ئي؟,نشاندی,بچه‌ها را کجا نشاندى؟
162,بينيويشته-کس,أ کيتابˇ بينيويشته-کس کيسه؟,نويسنده,نويسنده اين کتاب چه کسى است؟
163,بيچه-ئي,اۊ أربايأ بيچه-ئي؟,چيدی,آن خرمالوى وحشى را چيدى؟
164,بيگيفت,تي گبانˇ جأ مي ديل بيگيفت,گرفت,دلم از حرف‌هايت گرفت
165,بيگيفتي,بيگيفتي چي بۊگؤفتم؟,متوجه شدی,متوجه شدی چه گفتم؟
166,بٚسٚر,دۊ ما بسر وا بشم تئران,در ميان,دو ماه در ميان بايد به تهران بروم
167,بچمسته,أنقد بيجارکار بۊکۊدد أشانˇ کمر بچمسته دأره,خميده,آن‌قدر در شاليزارها کار کرده‌اند کمرشان خميده شده است
168,بچنگأ دأ,خۊ پۊلانأ همهˈ بچنگأ دأ,از دست داد,تمام پول‌هايش را از دست داد
169,بچکسته,کارن بچکسته فني کارانˇ ره,شايسته,کارن براى کارهاى فنى شايسته است
170,بچۊک,وحيدأ بيدئم بچۊک نيشته بۊ,چمباتمه,وحيد را ديدم چمباتمه نشسته بود
171,بکأشته,أ گۊلانأ شارداري بکأشته؟,کاشت,اين گل‌ها را شهردارى کاشته است؟
172,بکشه-ئي,چي بکشه-ئي؟,رسم کردی,چه چيزى رسم کردى؟
173,بکشه-ئي,أشانأ بکشه-ئي چقد أيه؟,وزن کردی,اين‌ها را وزن کردى وزنشان چه‌قدر می‌شود؟
174,بکفت,زأى بکفت تۊ کؤيأ ايسابي؟,افتاد,بچه افتاد تو کجا بودى؟
175,بکفته راشي,أرأ شؤن نوأ بکفته راشي-يه,جاده متروکه,از اين راه نرو جاده متروکه است
176,بگردستيد,أول أمرأ بگردستيد,بازرسى کردند,ابتدا ما را بازرسى کردند
177,بگشت,نأنم چي مرأ بگشت,نيش زد,نمى‌دانم چه چيزى مرا نيش زد
178,بگنسته,آغۊز بگنسته مي سرأ,برخورد کرد,گردو به سرم برخورد کرد
179,بگيلأ کۊن,أ گبانأ هأيأ بگيلأ کۊن,دفن کن,اين حرف‌ها را همين‌جا دفن کن
180,بۊ,تي کار بۊ؟,بود,کار تو بود؟
181,بۊجؤر,بۊشۊ بۊجؤر,بالا,برو بالا
182,بۊجؤر اۊتاق,زاکانأ ببر بۊجؤر اۊتاق,اتاق بالا,بچه‌‌ها را به اتاق بالا ببر
183,بۊخۊس,دئره، بۊشۊ بۊخۊس,بخواب,ديروقت است، برو بخواب
184,بۊدۊج,تأني مي پرهنأ بۊدۊجي؟,بدوز,می‌توانی پيراهنم را بدوزی؟
185,بۊدۊرۊن,بۊشۊ بۊدۊرۊن,داخل,برو داخل
186,بۊرۊز,تي فسکأ بۊرۊز دأن نوأ,فاش,رازت را فاش نکن
187,بۊز,مي پا بۊز مرأ در کۊنه,پاشنه پا,پاشنه پايم درد مى‌کند
188,بۊسۊجانه,غذايأ همهˈ بۊسۊجانه,سوزاند,تمام غذا را سوزاند
189,بۊشؤستم,تي رختانأ بۊشؤستم,شستم,لباس‌هايت را شستم
190,بۊفۊرؤختم,مي گۊشي-يأ تازگي-يان بۊفرؤختم,فروختم,گوشى‌ام را به‌تازگی فروختم
191,بۊچۊلکسته,أمي باغچه گۊلان بۊچۊلکسته,پژمرده,گل‌هاى باغچه ما پژمرده شد
192,بۊک بۊکۊده,ايمرۊ چي ره بۊک بۊکۊده-ئي؟,اخمو,براى چه امروز اخمو هستى؟
193,بۊکۊشيد,أشان خأئيد همهٰ بۊکۊشيد,بکشند,اين‌ها می‌خواهند همه را بکشند
194,بۊگرؤختيم,صابخانه کي بامؤ أمان بۊگرؤختيم,فرار کرديم,صاحب‌خانه که آمد ما فرار کرديم
195,بۊگۊ بيشتاو,شيمي بۊگۊ بيشتاوأ نيشتاوستم,گفتگو,گفتگوى شما را نشنيدم
196,بۊگۊ مۊگۊ,مي دۊماغ خارش کۊنه بۊگۊ مۊگۊيه,غيبت,بينى‌ام مى‌خارد غيبت‌ام را مى‌کنند
197,تأنم,چي تأنم بۊکۊنم؟,می‌توانم,چه مى‌توانم انجام دهم؟
198,تا به تا,تي جۊرافان چي وأسي تا به تايه؟,لنگه به لنگه,براى چه جوراب‌هايت لنگه به لنگه است؟
199,تا هسأ,تا هسأ کۊرم کلاچ بازي بۊکۊده-ئي؟,تا به حال,تا حالا کۊرم کلاچ بازى کرده‌اى؟
200,تاخت,تاختأگير بخانه,سرعت,به سرعت به خانه برو
201,تارانه,أنˇ کردˇکار همهˈ اۊنˇ جأ تارانه,دور می‌کند,رفتارش همه را از او دور مى‌کند
202,تازه,تازه-چي بۊگۊ,جديد,چيز جديدى بگو
203,تازگي-يان,تازگي-يان تي پالانأ تأودأئي شۊندˇ کله,به تازگى,به تازگى پالان‌ات را جایی که گیاه آقطی زیاد است انداخته‌ای
204,تاشتن,مي ريشأ تاشتن درم,تراشيدن,دارم ريشم را مى‌تراشم
205,تالان تالان,أ تالان تالاني دۊرۊن پيربؤيم گيرانأ بؤسته,هرج و مرج,در اين هرج و مرج بربرى هم گران شد
206,تام,تام بزن,سکوت,ساکت باش
207,تام,ايجۊر غذا خۊري آدمˇ تامأ دکفه,هوس,جورى غذا مى‌خورى آدم هوس مى‌کند
208,تامتۊمازه,تامتۊمازه نيشته بۊ,بى سر و صدا,بى سر و صدا نشسته بود
209,تان,کاسپي دريا تان همه-جۊر مائي دره,عمق,در اعماق درياى کاسپين همه‌نوع ماهى وجود دارد
210,تاوده,آشخال جابه أنˇ ورجأ نهأ آشخالانأ تاوده اۊرأ,پرتاب می‌کند,سطل زباله کنارش است زباله‌ها را به آن طرف پرتاب می‌کند
211,تترج,هأتؤ تترج بنه,پشت سرهم,همين‌طور پشت سر هم بگذار
212,تجرۊبه,مي تجرۊبه گه أ کار آخرپس نأره,تجربه,تجربه من مى‌گويد اين کار نتيجه ندارد
213,ترˇ راکه,ترˇ راکه مرأ دکفته أمي دۊمبال,شاخه نازک,با شاخه نازک ما را دنبال کرد
214,ترˇ چسب,ترˇ چسب بۊشۊ کيتابأ فگير بأور,فرز,فرز برو کتاب را بگير بياور
215,ترسانه,تي گبان دئه کرأ أمرأ ترسانه,می‌ترساند,حرف‌هايت ديگر دارد ما را مى‌ترساند
216,ترکمه,أ زأى چقد ترکمه-يه؟,حرف نشنو,اين بچه چه‌قدر حرف نشنو است؟
217,تس,أنقد بۊخۊرده تسأ بؤسته,ولو شدن بعد از پرخورى,آن‌قدر خورده ولو شده است
218,تسکˇ ديل,بۊشؤم مي مأرˇ خبرأگير تسکˇ ديل بۊ,دلتنگ,رفتم احوال مادرم را بپرسم دلتنگ بود
219,تشت,تشتأ اۊسان بأور,ظرف مسی (با لبه بلند),ظرف مسی را بردار بياور
220,تشتا,مرأ تشتايه,تشنه,تشنه هستم
221,تفاق,منم نأنم چي تفاق دکفته دأره,اتفاق,من هم نمى‌دانم چه اتفاقى افتاده است
222,تفتک,أ تفتک دۊمرتبه بامؤ,مزاحم,اين مزاحم دوباره آمد
223,تمش,گۊلان ٚ تمش مي دسأ جيجا بۊکۊد,خار,خار گل‌ها دستم را زخم کرد
224,تنگام,آدمأ ترسأ گيره أ تنگامˇ کۊچهˈنأ دٚواره,تنگ و تاريک,آدم مى‌ترسد از اين کوچه‌هاى تنگ و تاريک عبور کند
225,ته ره,أ پرهنأ ته ره بيهين,براى خودت,اين پيراهن را براى خودت بخر
226,تهب بسر,أمي أمبارأ جنس دره تهب بسر,لبالب,انبار ما از جنس لبالب است
227,تي,أن تي کاره؟,تو,اين کار تو است؟
228,تي,من تي مرأ أيم,تو,من با تو مى‌آيم
229,تيان,بۊشۊ تيانأ بأور,ديگ,برو ديگ را بياور
230,تيتالي,زاکانˇ تيتالي ره کيتاب بخأنيد,سرگرمى,براى سرگرم کردن بچه‌ها کتاب بخوانيد
231,تيتي,سئب دار تي تي بۊکۊده,شکوفه,درخت سيب شکوفه کرده است
232,تيج,أ چاقۊ تيج ني-يه,تيز,اين چاقو تيز نيست
233,تيري پيري,مي چۊمان تيري پيري شه,سياهی,چشم‌هايم سياهى مى‌رود
234,تيريج مائي,گيلکان اۊزۊن بۊرۊنأ گيدي تيريج مائي,ازون برون,گيلک‌ها به ازون برون تيريج ماهى مى‌گويند
235,تينتير,هأی مه ره تينتير أمؤئي,عشوه,مدام برایم عشوه می‌آمد
236,تٚلٚس,مي چۊم تلس بۊکۊد أنقد رايأ فأندرستم,ورم,آن‌قدر که راه را نگاه کردم چشمم ورم کرد
237,تٚمٚش,تٚمٚش آدمˇ دسأ جيجا کۊنه,خار,خار دست آدم را زخمى مى‌کند
238,تک,بزه مي تکأ کي بيشيم,پلو,به پهلويم زد که برويم
239,تک دٚوٚد,حسن تک دٚوٚده,خالى‌بند,حسن خالى‌بند است
240,تکام,هأچين تي سرأ تکام دأن نوأ,تکان,بيخودى سرت را تکان نده
241,تۊر,پاک تۊرأ بؤسته دأره,ديوانه,به کلی ديوانه شده است
242,تۊرتۊره,پارچهˈ همهˈ تۊرتۊرأ کۊد,پاره پاره,تمام پارچه را پاره‌پاره کرد
243,تۊشک,بۊخۊردي تۊشکأ فيشان,هسته,خوردى هسته را دور بريز
244,تۊشکه,أمي کار تۊشکه بۊخۊرده,گره,کار ما گره خورده است
245,تۊقا,من گيلانˇ تۊقايم,عاشق,من عاشق گيلان هستم
246,تۊمان,فئلم تۊمانأ بؤسته؟,تمام,فيلم تمام شده است؟
247,تۊند,خأيلي تۊند بۊ,بداخلاق,خيلى بداخلاق بود
248,تۊند,تۊند بيأ,سريع,سريع بيأ
249,تۊنداتۊند,تۊنداتۊند بۊشؤ,با شتاب,با شتاب رفت
250,تۊنگۊله,ايتأ تۊنگۊله بزن,ضربه با سر انگشتان,با سر انگشت يک ضربه بزن
251,تۊک,کيشکائانأ دۊمبالأ کۊني أشانˇ مأر ترأ تۊک گيره,نوک,جوجه‌ها را دنبال کنى مادرشان تو را نوک مى‌گيرد
252,تۊک,تي تۊک خۊن أمؤن دره,لب,لب‌ات دارد خون می‌آيد
253,تۊکاپره,سجاد ؤ أکبر تۊکاپرهˈ ديبيد,جر و بحث,سجاد و اکبر جر و بحث مى‌کردند
254,تۊکه,آب تۊکه کۊنه,چکه,آب چکه مى‌کند
255,تۊکه,ايتأ تۊکه آب مرأ فأدن,اندک,يک کم آب به من بده
256,جأ,نادرˇ جأ فگيفتم,از,از نادر گرفتم
257,جأ,کي جأ بامؤ دأري؟,از جانب,از جانب چه کسى آمده‌اى؟
258,جأ,تۊ نقي جأ بيأ,به جاى,تو به جاى نقى بيا
259,جؤر,تي وسيلهٰن کابينتˇ جؤر نهأ,بالا,وسايل‌ات بالاى کابينت است
260,جابجا,تا أنأ بۊگؤفتيم جابجا بۊشؤ,سريع,تا به او گفتيم سريع رفت
261,جابه,پرتخالانأ ديچين جابه دۊرۊن,جعبه,پرتقال‌ها را داخل جعبه بچين
262,جاجيگا,گيلان تالش ؤ گيلکˇ جاجيگايه,جايگاه,گيلان جايگاه گيلک و تالش است
263,جخترأ دأ,هرچي أنأ بۊگؤفته-بۊمأ جخترأ دأ,فراموش کرد,هر چه به او گفته بودم را فراموش کرد
264,جرگه,أمي جرگه سي تا آدم-نفر دأره,گروه,گروه ما سى نفر عضو دارد
265,جزنه,کرأ خؤرأ جزنه أمي جرگه دۊرۊن,جا می‌کند,دارد خودش را درون گروه ما جا مى‌کند
266,جغله,مي جغله هف ما دأره,نوزاد,نوزاد من هفت ماه‌اش است
267,جمجه,أ زأی دئه کرأ أمرأ جمجه,به ستوه می‌آورد,اين بچه ديگر دارد ما را به ستوه می‌آورد
268,جندره,اۊ زناى کيسه أمرأ جندره؟,با خشم نگاه می‌کند,آن زن کيست دارد با خشم به ما نگاه مى‌کند؟
269,جنگستن دريم,شباندˇ رۊز کرأ جنگستن دريم,داريم می‌جنگيم,شب و روز در حال جنگيدن هستيم
270,جه غرز,جه غرز نيما همه بأئيد بۊدۊرۊن,به غير از,به غير از نيما همه داخل شويد
271,جه مأر بأورده,أشان جه مأر بأورده پاچ بيد,مادرزاد,اين‌ها مادرزاد کوتاه‌قد بودند
272,جيجا,مي دس همه جيجا بؤبؤ,زخم,تمام دستم زخم شده است
273,جيجاماما,خۊ وسيلهٰنأ جيجاماما کۊدن دره,پنهان کردن,دارد وسيله‌هايش را پنهان می‌کند
274,جير,سؤخته جير پلا ننأ,زير,زير ته ديگ پلو نيست
275,جيليسکستيم,ورفˇ سرأ شؤن ديبيم هأ ايوار جيليسکستيم,سُر خورديم,روى برف در حال راه رفتن بوديم ناگهان سُرخورديم
276,جيميره,هر کي شاد نبه أنˇ ديل جيميره,افسرده می‌شود,هر کس شاد نباشد دلش افسرده مى‌شود
277,جيويشت,هأتؤ أمرأ بيده جيويشت,در رفت,همين‌که ما را دید در رفت
278,جيويشت,مي بال جيويشت,در رفت (اعضای بدن),دستم در رفت
279,جکشه,بۊزۊر خأستي مي جا گب جکشه,حرف بکشد,به اجبار مى‌خواست از من حرف بکشد
280,جکشه,خؤرأ جکشه,کنار می‌کشد,خودش را کنار کشيد
281,جکفت,مي دهنأ آب جکفت,آب افتاد,دهنم آب افتاد
282,جۊخۊسانه,خۊ پۊلانأ فرشˇ جير جۊخۊسانه,پنهان کرد,پول‌هايش را زير فرش پنهان کرد
283,جۊخۊفت,بۊشؤ دارˇ پۊشت جۊخۊفت,پنهان شد,رفت پشت درخت پنهان شد
284,جۊديکي,هؤلأ بؤستم مرأ جۊديکي بيگيفت,لکنت زبان,هول شدم لکنت زبان گرفتم
285,جۊرأ بيد,زاکان کس کسه مرأ زۊد جۊرأ بيد,خو می‌گيرند,بچه‌ها زود با هم خو مى‌گيرند
286,جۊفت,درأ جۊفتأ کۊن,جفت,در را جفت کن
287,جۊل,تي سۊرخˇ جۊلأ قۊربان,لپ,به قربان لپ قرمزت
288,جۊلؤ,بۊشۊ جۊلؤ,جلو,جلو برو
289,جۊلف,کاسپي دريا جۊلفه,عميق,درياى کاسپين عميق است
290,جۊمجۊمه,مرأ جۊمجۊمه اۊساد,دلشوره,دلشوره گرفتم
291,جۊکۊن,أ درزنأ مه ره نخ جۊکۊن,سوزن را نخ کن,اين سوزن را براى من نخ کن
292,حأيوان,حأيوانانأ سربسر نهأن نوأ,حيوان,حيوان‌ها را آزار و اذيت نکن
293,حئيقت,حئيقت گي؟,بدون شوخی,بدون شوخی مى‌گويي؟
294,حقˇ سأى,تي حقˇ سأيأ بۊکۊن آخربسر چأکۊده به,تلاش,تلاشت را انجام بده سرانجام درست مى‌شود
295,خألي,اۊنقد کار بۊکۊدم خألي بيس تۊمۊن مرأ فأدأ,فقط,آن قدر کار کردم فقط بيست تومان به من داد
296,خأندن,کيتاب خأندن درم,مطالعه,کتاب مطالعه مى‌کنم
297,خأيه,کي خأيه بأيه؟,می‌خواهد,چه کسى مى‌خواهد بيايد؟
298,خؤرم,علي خؤرم زأکه,خوب,على بچه خوبى است
299,خؤرنه,أنقد خؤرنه کۊني کي خۊفتن نشأ,خروپف,آن قدر خروپف مى‌کنى که نمى‌شود خوابيد
300,خؤره,خؤره بامؤ,خودش,خودش آمد
301,خؤره خؤره,مي کيفˇ بند خؤره خؤره بؤرسفت,خود به خود,بند کيفم خود به خود پاره شد
302,خؤشگيل,أ گۊل چندر خؤشگيله,زيبا,اين گل چه قدر زيباست
303,خاج,ايتأ خاج هيندانه مرأ فأدن,برشى از چيزى,يک برش هندوانه به من بده
304,خاخۊر,مي خاخۊر ٚ مرأ بۊشؤئيم رستۊران,خواهر,با خواهرم به رستوران رفتيم
305,خاخۊرزا,خاخۊرزا مي شين دانشجۊيه,خواهرزاده,خواهرزاده من دانشجو است
306,خاش,أ مائي خاش زياد دأره,استخوان,اين ماهى استخوان زياد دارد
307,خاصˇ بخت,حسۊدˇ آدم خاصˇ بخت نيبه,خوش‌بخت,آدم حسود خوش‌بخت نمى‌شود
308,خاطر,مرأ خاطر نأيه,ياد,يادم نمى‌آيد
309,خاطرخا,أشان دۊتا خاطرخائي دأشتيد,عاشق,اين دو نفر عاشق هم بودند
310,خال,بپا خالانأ نشکني,شاخه,مواظب باش شاخه‌ها را نشکنی
311,خاليواش,خاليواش ٚ مرأ درار چأکۊنيدي,پونه,با پونه نمک‌سبز درست می‌کنند
312,خبرأتر,چي خبرأتر؟,خبر احوال,چه خبر احوال؟
313,خبرأگير,مؤسن ديرۊ بامؤبۊ تي خبرأگير,سراغ گرفتن,محسن ديروز آمده بود و سراغ تو را می‌گرفت
314,خرابگي,دۊمرتبه خرابگي بۊکۊدي؟,خراب‌کارى,دوباره خراب‌کارى کردى؟
315,خرتˇ خشال,اۊ خرتˇ خشالانأ فيشأن,وسايل بى‌ارزش,آن وسايل بى‌ارزش را دور بيانداز
316,خسته,تۊرفانأ خسته بکأشتي,متراکم,ترب‌ها را متراکم کاشتى
317,خفت,مرأ خفتأ گيره,چندش,چندش‌ام می‌شود
318,خفت,دئه مي خفت بسر أمؤن دره,تحمل,ديگر دارد تحمل‌ام تمام مى‌شود
319,خفتي,خفتي آدمه,کم تحمل,آدم کم تحملى است
320,خفيانگي,خۊ کارانأ خفيانگي کۊنه,پنهانى,کارهايش را مخفيانه انجام مى‌دهد
321,خٚرٚک,أمي بجانأ خٚرٚکأ کۊده,شپشک برنج,برنج‌هاى ما را شپشک زده است
322,خکاره,ايتأ پيله خکاره بيهين,ماهی‌تابه,يک ماهی‌تابه بزرگ بخر
323,خۊ,هرکي خۊ ماشينˇ مرأ بأيه,خودش,هرکس با ماشين خودش بيايد
324,خۊج,خۊج خۊري؟,گلابی وحشی,گلابی وحشی می‌خوری؟
325,خۊرانئن,زاکأ دوا خۊرانئن درم,خوراندن,به بچه دارو مى‌خورانم
326,خۊس,نأمم چي ره ايمرۊ خۊس کۊنمه,سرفه,نمى‌دانم براى چه امروز سرفه مى‌کنم
327,خۊسانه,مهين کرأ خۊ زاکأ خۊسانه,می‌خواباند,مهين دارد بچه‌اش را مى‌خواباند
328,خۊسه,زأکˇ ره لالائي بيگي زۊتر خۊسه,مى‌خوابد,براى بچه لالايى بگويى زودتر مى‌خوابد
329,خۊشأدم,أيأ بيأ ترأ خۊشأدم,ببوسم,اين‌جا بيا تو را ببوسم
330,خۊشانه,أمان أشانأ دعوت نيگيفته بيم، خۊشانه بامؤبيد,به ميل خودشان,ما آن‌ها را دعوت نکرده بوديم، به ميل خودشان آمده بودند
331,خۊشک,سلان همه خۊشکأ بؤستده,خشک,آبگيرها همه خشک شده‌اند
332,خۊله,نأنم چي بۊشؤ مي گۊشˇ خۊله دۊرۊن,سوراخ,نمى‌دانم چه چيزى داخل سوراخ گوشم رفته است
333,خۊلي,خۊلي-يانأ بيچه-ئي؟,گوجه‌سبز,گوجه‌سبزها را چيدي؟
334,خۊمه,حجحجي أمي هره سر خۊمه بنأ,لانه,پرستو بالاى ايوان خانه ما لانه گذاشته است
335,خۊن ديمير,مي پا أنگۊشت خۊن ديمير بؤبؤسته,خون مرده,انگشت پای من خون مرده شده است
336,خۊچک,أ آشتالۊ خۊچک ني-يه,هسته‌جدا,اين هلو هسته‌جدا نيست
337,دأن درم,گۊلانأ آب دأن درم,دارم می‌دهم,دارم به گل‌ها آب مى‌دهم
338,دأني,دأني تي برار کؤيأ ايسأ؟,اطلاع داری,اطلاع دارى برادرت کجا است؟
339,دؤجين,ته ره دؤجين بۊکۊن,انتخاب,خودت انتخاب کن
340,دؤرˇ شر,اينفر کرأ دؤرˇ شرˇ جأ أيه,دور دست,يک نفر دارد از دور دست مى‌آيد
341,دؤرسفت,أمي زيبيلˇ تان دؤرسفت,پاره شد,کف زنبيل ما پاره شد
342,دؤوانئن,صوب تا هسأ أمرأ دؤوانئن درد,دواندن,از صبح تا حالا دارند ما را مى‌دوانند
343,دؤوستن,کرأ دؤوم,دويدن,دارم مى‌دوم
344,دؤککؤ,دؤککؤ بۊخۊردم,تعجب,تعجب کردم
345,دئر,مي مٚدٚرسه دئرأ بؤ,دير,مدرسه‌ام دير شد
346,دئن,چي دئن دري؟,ديدن,داری چه می‌بينی؟
347,دئه,ايتأ دئه نان مرأ فأدن,ديگر,يک نان ديگر به من بده
348,دئه,من دئه بازي نۊکۊنم,ديگر,من ديگر بازى نمى‌کنم
349,داب,أن تازه دابه؟,روش,اين روش جديد است؟
350,دار,خۊشک ٚ دار هيمه ره خؤبه,درخت,درخت خشک برای هيزم خوب است
351,دار,أ دارانأ کي وأوه؟,درخت,اين درخت‌ها را چه‌کسی بريد؟
352,داشتˇ دارائي,بعضي-يانˇ داشتˇ دارائي-يأ ايشماردن نشأ,ثروت,ثروت بعضى‌ها را نمى‌شود شمرد
353,داغۊله باز,تۊ داغۊله بازي,جر زن,تو جرزنى
354,داميشک,داميشک ويشتر أمرأ سر زئي,قبلن,قبلن بيشتر به ما سر مى‌زدى
355,دباختيم,ايمرۊ بازي-يأ دباختيم,باختيم,امروز بازى را باختيم
356,دتاوسته,ايمرۊ آفتاب کؤرأ دتاوسته أرأ بامؤئي؟,تابيد,امروز آفتاب از کدام طرف تابيده اين طرف آمده‌اى؟
357,دخشارده,أمرأ دخشارده ديفارأ,فشار داد,دارد ما را به ديوار فشار داد
358,دراز ٚ راشي,ايتأ درازˇ راشي-يأ دٚوارستيم,جاده بلند,از يک جاده بلند عبور کرديم
359,درازه,درازه بدن,ادامه,ادامه بده
360,دربند,کارأ دربند نۊبۊ,علاقمند,به کار علاقمند نبود
361,درجک,اۊ درجکأ وأکۊن,پنجره,آن پنجره را باز کن
362,درده,أمرأ درده دأن نوأ نتأني بۊگۊ نتأنم,دق,ما را دق نده اگر نمى‌توانى بگو نمى‌توانم
363,درزن,بۊشۊ اۊ درزنأ مه ره بأور,سوزن,برو آن سوزن را براى من بياور
364,دره,أ خۊمˇ مئن چي دره؟,هست,داخل اين خم چه هست؟
365,درياگۊش,بۊشؤبيم کاسپي دريا درياگۊش اۊچينيم,صدف,رفته بوديم درياى کاسپين صدف جمع کنيم
366,دس اۊکۊف,تي قۊلنجأ بيگيفتم ايچي دس اۊکۊف مرأ فأدن,مزد دست,قولنج‌ات را گرفتم يک چيز به‌عنوان مزد دست به من بده
367,دس بازار,أمرأ دس-بازارأ گيفتي؟,مسخره کردن,ما را مسخره مى‌کنى؟
368,دس بکشه,پيچأ بيده نتأنه کؤترأ بيگيره دس بکشه,بى‌خيال شد,گربه ديد نمى‌تواند کبوتر را بگيرد بى‌خيال شد
369,دس فأرس,ميقراض مرأ دس-فأرس ني-يه,در دسترس,قيچى در دسترس من نيست
370,دس پرأ گيفتن,أمرأ دس پرأ گيفتي؟,مسخره کردن,ما را مسخره مى‌کنى؟
371,دسˇ تان,مي دسˇ تان مرأ خارش کۊنه,کف دست,کف دستم مى‌خارد
372,دسامۊجه,أ پيچأ دسامۊجه,دست آموز است,اين گربه دست‌آموز است
373,دسانئن,بجأ دسانئن درم پلا بنم,خيساندن,دارم برنج را خيس مى‌کنم پلو بگذارم
374,دسنماز,مي مأر بۊشؤ دسنماز بيگيره,وضو,مادرم رفته وضو بگيرد
375,دسکٚلا,هۊتؤ دسکٚلا زئيد أمؤن ديبيد,کف زدن,همان‌طور داشتند کف می‌زدند و می‌آمدند
376,دشان,زاکأ پۊتۊ دشان,بپوشان,روی بچه را با پتو بپوشان
377,دفراز,ترأ دفراز پۊشتي-يأ,تکيه بده,به پشتى تکيه بده
378,دللـه,آغۊزانأ بشکنه-ئي پۊستانأ ايور بنه دللـهˈ ايور,مغز ميانى,گردوها را شکستى پوست‌ها را يک طرف بگذار مغزها را يک طرف
379,دم بتۊ,جه اۊ وخته ترأ بشناختم دم بتۊ بي,تودار,از آن موقع که تو را شناختم تودار بودى
380,دم بۊکۊده,هوا دم بۊکۊده,شرجى,هوا شرجى است
381,دمختن,گيل دمختن دري؟,لگد کردن,دارى گل لگد مى‌کنى؟
382,دمق,أمرأ دمقأ کۊد,خيط,ما را خيط کرد
383,دوا,مي دوائانأ بأور بۊخۊرم,دارو,داروهايم را بياور بخورم
384,ديرۊ,هرچي خأستيم ديرۊ بيهئم,دیروز,هرچه احتياج داشتم ديروز خريدم
385,ديفار,خأيم خانه دؤرأ ديفار بۊکۊنم,ديوار,مى‌خواهم دور خانه را ديوار کنم
386,ديل,مي ديل ته ره تنگأ بؤسته,دل,دلم برايت تنگ شده است
387,ديلأ گيفتن,أ تۊنگ تي ديلأ بيگيفته؟,پسنديدن,اين دستبند را پسنديدى؟
388,ديم,تي ديمأ بۊشؤر,صورت,صورتت را بشور
389,ديمه,هأچينه گبانأ ديمه بنه,کنار,حرف‌هاى بيهوده را کنار بگذار
390,ديميريدي,هرسال دأني چن نفر کاسپي دريا ميان ديميريدي؟,غرق می‌شوند,مى‌دانى هرسال چند نفر داخل درياى کاسپين غرق مى‌شوند؟
391,ديميشته,نۊکۊنه پيچأ أمرأ ديميشته,ادرار کرد,نکند گربه به ما ادرار کرده است
392,ديني-يه,نيما حيسابˇ دۊرۊن پۊل ديني-يه,نيست,داخل حساب نيما پول نيست
393,ديويست,ديويست هيزار تۊمۊن دئه پۊل ني-يه,دويست,دویست هزار تومان ديگر پولی نيست
394,ديچئن,مريم کابينتأ ديچئن دره,مرتب کردن,مريم دارد کابينت را مرتب می‌کند
395,دٚوارستم,ديرۊ شيمي کۊچهٰ دٚوارستم,عبور کردم,ديروز از کوچه شما عبور کردم
396,دٚوارسته,دوارسته-يأ وا بدن,گذشته,گذشته را رها کن
397,دٚوسته,ايرۊ أ دٚوسته دران وأبه,بسته,يک روز اين درهاى بسته باز مى‌شود
398,دٚوٚد,کيتابأ دٚوٚد بيأ أيأ,ببند,کتاب را ببند اين‌جا بيا
399,دٚوٚد وأود,چي-يأ دٚوٚد وأود کۊدن دري؟,بسته‌بندی,چه چيزی را دارى بسته‌بندى می‌کنی؟
400,دٚوٚل,هأى دٚوٚل دأئي,طفره,همه‌اش طفره مى‌رفت
401,دکش,مي پئر خأستي مرأ دکشأ ده,سيلى,پدرم مى‌خواست به من سيلى بزند
402,دکش,اۊ لافندأ دکش,محکم کن,آن طناب را محکم کن
403,دگرأ,چي ره دگرأ خۊري؟,تلوتلو,براى چه تلوتلو مى‌خورى؟
404,دۊتأ,دۊتأ أشتالۊ مرأ فأدن,دو عدد,دو عدد هلو به من بده
405,دۊجا بۊگۊئي,دۊجا بۊگۊئي خؤرم کار ني-يه,خبرچينی,خبرچينى کار خوبى نيست
406,دۊجۊل دۊجۊل,دۊجۊل دۊجۊل خوردن دره,دو لپى,دولپى دارد مى‌خورد
407,دۊخادن,کي مرأ دۊخاده؟,صدا کردن,چه کسى من را صدا زد؟
408,دۊرۊس,شۊمان دۊرۊس فرمائيدي,درست,شما درست مى‌فرماييد
409,دۊرۊسته,أنأ هأتؤ دۊرۊسته ببر أنˇ جأ سر بنه,کامل,اين را همين‌طور کامل ببر سر جايش بگذار
410,دۊرۊن,خۊ اۊتاقˇ دۊرۊن ايسأ,داخل,داخل اتاقش است
411,دۊم,لانتي خۊ دۊمأ گرکه بۊکۊد,دم,مار دم‌اش را به دور خودش حلقه زد
412,دۊماغ,مي دۊماغ خارش کۊنه,بينى,بينى‌ام مى‌خارد
413,دۊمبالسر,اۊ ری کيسه أمي دۊمبالسر أمؤن دره,پشت سر,آن پسر کيست دارد پشت سر ما مى‌آيد
414,دۊمرتبه,دۊمرتبه وأگردم بخانه,دوباره,دوباره به منزل برمی‌گردم
415,دۊنبۊ,پينير جا ميان پينير دۊنبۊ,نبود,پنير داخل ظرف پنير نبود
416,دۊنيا,أ زاکان دۊنيايأ چأکۊنيدي,جهان,اين بچه‌ها جهان را مى‌سازند
417,دۊواره,دۊواره بۊگۊ,دوباره,دوباره بگو
418,دۊچکان,أشانأ چسبˇ چۊ مرأ دۊچکان,بچسبان,اين‌ها را با چسب چوب بچسبان
419,دۊکان,مأمدˇ أمرأ بۊشۊ دۊکان,مغازه,با محمد به مغازه برو
420,دۊکتۊر,خأيم بشم دۊکتۊر,دکتر,مى‌خواهم به دکتر بروم
421,دۊکۊد,آسيه خۊ کافشينأ دۊکۊد؟,پوشيد,آسيه کاپشن‌اش را پوشيد؟
422,دۊکۊش,اۊ لامپأ دۊکۊش,خاموش کن,آن لامپ را خاموش کن
423,دۊکۊن,ته ره غذا دۊکۊن,بريز,برای خودت غذا بريز
424,رئک,اۊ رئکأ بيده-ئي؟,پسر,آن پسر را ديدى؟
425,رات,أنˇ مۊ راته,موی صاف,موى او صاف است
426,رادˇوار,رادٚوارانأ وأورس,رهگذر,از رهگذرها بپرس
427,راستأ کۊن,أ جابهˈنأ راستأکۊن بنه اۊرأ,بلند کن,اين جعبه‌ها را بلند کن آن‌طرف بگذار
428,راشي,هأ راشي-يأ بۊشۊ,جاده,همين جاده را برو
429,رافا,تي رافا ايسٚم,منتظر,منتظر تو می‌مانم
430,رج,أشانأ به رجأ کۊن,رديف,اين‌ها را به رديف کن
431,رخشن,أمرأ رخشنأ گيفتي؟,مسخره,ما را مسخره مى‌کنى؟
432,رغايب,ايشمب رغايب-يه,اولين شب جمعه ماه رجب,امشب اولين شب جمعه ماه رجب است
433,ره,أمه ره چي بأوردي؟,براى,براى ما چه آوردى؟
434,ريفئقان,مي ريفئقان ٚ مرأ شؤن درم بيرۊن,دوستان,دارم با دوستانم به بيرون می‌روم
435,رچ,هأ رچأ بيگير بۊشۊ,ردپا,همين ردپا را بگير برو
436,رۊز,ايرۊز أيم ترأ دينم,روز,يک روز مى‌آیم تو را مى‌بينم
437,زئن,زاکأنأ نوأسي زئن,زدن,بچه‌ها را نبايد زد
438,زاقۊت,زاقۊته,بسيار ترش,بسيار ترش است
439,زاله,أمي زاله بترکست,زهله,زهله‌مان ترکيد
440,زاما,تي زاما کؤيأ کار کۊنه؟,داماد,داماد تو کجا کار مى‌کند؟
441,زاکان,أمي زاکان دئه پيلهˈ بؤستد,بچه‌ها,بچه‌هاى ما ديگر بزرگ شدند
442,زرخ,زرخأ بؤسته خۊردن نشأ,تلخ,تلخ شده است نمی‌شود خورد
443,زرخ,مي پئر ديرۊ خأيلي زرخ بۊ,عصباني,پدرم ديروز بسيار عصبانى بود
444,زن برار,تي زن برار أمي أمرأ أيه,برادر زن,برادر زنت با ما مى‌آيد
445,زن خاخۊر,مي زن خاخۊر ايران نئسأ,خواهرزن,خواهرزنم ايران نيست
446,زن خاخۊرزا,تي زن خاخۊرزايأ بيدئم,خواهرزاده زن,خوارزاده زنت را ديدم
447,زن مأر,مي زن مأر بۊشؤ خۊ خاخۊر ٚ خانه,مادرزن,مادرزنم به خانه خواهرش رفته است
448,زن پئر,مي زن پئر ٚ خانه هأ کۊچه دۊرۊنه,پدرزن,خانه پدرزنم داخل همين کوچه است
449,زنأى,أ زنأی دئه کيسه؟,زن,اين زن ديگر کيست؟
450,زنجيل,ايمسال محرم ٚ ره وا ايتأ زنجيل بيهينم,زنجير,برای محرم امسال بايد يک زنجير بخرم
451,زنخازي,مي برارˇ ره بۊشؤئيم زنخازي,خواستگارى,براى برادرم به خواستگارى رفتيم
452,زهار,ايوار ايوار نوأ تام زئن، وا زهار کۊدن,فرياد,گاهی اوقات نبايد سکوت کرد، بايد فرياد زد
453,زواله,أسأ زواله خابˇ مؤقه-يه,بعدازظهر تابستان,اکنون وقت خواب بعدازظهر تابستان است
454,زوان,گيلکي زوانه لاجه ني-يه,زبان,گيلکى زبان است لهجه نيست
455,زيويستن,أن دئه چۊجۊر زيويستنه؟,زندگى کردن,اين ديگر چه نوع زندگی کردن است؟
456,سئخ,سئخانأ کؤيأ بنأئي؟,سيخ,سيخ‌ها را کجا گذاشتی؟
457,ساج,تي ساجأ چأکۊن,زلف,زلف‌ات را درست کن
458,ساق,أمي ناجه أن ٚ کي هميشک ساق بيبيد,سلامتى,آرزوی ما اين است که هميشه سلامت باشيد
459,سامان,کؤ سامان شؤن دريم؟,جا، مکان,به کجا مى‌رويم؟
460,سانچؤ,جه وس هوا سرده سانچؤ زئن دريم,سينه‌پهلو,از بس هوا سرد است داريم سينه‌پهلو می‌کنیم
461,سخت,همه-تا کاران سخته,دشوار,تمام کارها دشوار است
462,سختي أمؤن,مرأ سختي أيه بشم بيرۊن,تنبلى,تنبلى‌ام مى‌شود بيرون بروم
463,سر,تي وسيلهٰنأ بنه ميز ٚ سر,روى,وسایل‌ات را روی ميز بگذار
464,سر,تۊ کي سر ايسي؟,طرفدار,تو طرفدار چه کسى هستى؟
465,سرˇ کؤره,مي سرˇ کؤره مرأ در کۊنه,شقيقه,شقيقه‌ام درد مى‌کند
466,سرأ جيري,أ سرأ جيري-يأ وا دٚواريم,شيب,از اين شيب بايد عبور کنیم
467,سرأ دن,مي سفارشانأ سرأ دن بأيه,ارسال کن,سفارش‌هايم را ارسال کن بيايد
468,سرأ دن,اۊ پيچأ زاکأ سرأدن,رها کن,آن بچه گربه را رها کن
469,سراکۊنأ,کيتابأ سراکۊنأ بيگيفتي,برعکس,کتاب را برعکس گرفتى
470,سربس,تي سربسأ بۊگۊ,منبع,منبع‌ات را بگو
471,سربسر,مرأ سربسر نهأن نوأ,اذيت,من را اذيت نکن
472,سربسر,هۊتؤ سربسر بنه,روى هم,همان‌طور روى هم بگذار
473,سرجاکش,بۊشؤ سرجاکش بينيشته,صدر مجلس,رفت در صدر مجلس نشست
474,سرد ٚ وا,سرد ٚ وا دمه,باد سرد,باد سرد می‌دمد
475,سردي,بۊشۊ سردي-يأ بأور,نردبان,برو نردبان را بياور
476,سرسۊم,سرسۊم کي بکفتي بزين ترأ حالي-يه,با سر افتادن,با سر که افتادى بعد متوجه مى‌شوى
477,سرفۊکؤ,هأى أمرأ سرفۊکؤ زنه,سرکوفت,مدام به ما سرکوفت مى‌زند
478,سرگمجي,زأکأن ٚ سرگمجي ره، أشانه کيتاب بخأنيد,سرگرم کردن,برای سرگرم کردن بچه‌ها،  برای آن‌ها کتاب بخوانيد
479,سس,تي پلا چي ره سسه؟,بى‌نمک,براى چه پلوى تو بى‌نمک است؟
480,سفيان,سفيان بۊکۊدم,ترس بسيار,بسيار ترسيدم
481,سلامال,مي سلاماله,هم سن,هم سن من است
482,سه لنگه,اۊ سه لنگه-يأ بأور,سه پايه,آن سه پايه را بياور
483,سيا,مي سيا تۊمانأ نيده-ئي؟,سياه,شلوار سياه من را نديدي؟
484,سيبيشکا,سيبيشکا خۊري؟,تخمه آفتابگردان,تخمه آفتابگردان می‌خوری؟
485,سيفيد,اۊ سيفيدˇ کفشأ خأيم,سفيد,آن کفش سفيد را مى‌خواهم
486,سيوا,أشانأ سيوا بنه,جدا,اين‌ها را جدا بگذار
487,سٚبٚج,ترأ سٚبٚجأ کۊده؟,شپش,ترأ شپش کرده است؟
488,سٚند,تي سٚند چقده مگه؟,سن,مگر سن‌ات چه‌قدر است؟
489,سٚودا,خليل بۊشؤ بازار سٚودا بۊکۊنه,معامله,خليل به بازار رفت تا معامله کند
490,سک,سکان پيچائانˇ وأسي لاب کۊديد,سگ,سگ‌ها به خاطر گربه‌ها پارس مى‌کردند
491,سۊ,بۊخاري سۊ زياده,شعله,شعله بخاری زياد است
492,سۊ,مي چۊم دئه سۊ نۊکۊنه,روشنايى,چشمم ديگر روشنايى ندارد
493,سۊبۊل,ترأ سۊبۊلأ کۊده مگه؟,کک,مگر کک داری؟
494,سۊبۊک,أ کفش چندر سۊبۊکه,سبک,اين کفش چه قدر سبک است
495,سۊج,مي گۊلي مرأ سۊج کۊنه,سوزش,گلويم می‌سوزد
496,سۊج,هوا سۊج دأره,سوز,هوا سوز دارد
497,سۊرخ,أ سۊرخˇ پرهنأ دۊکۊن,قرمز,اين پيراهن قرمز را بپوش
498,سۊستي,سۊستي کۊدن نوأ,تنبلى,تنبلى نکن
499,سۊفته,تا هسأ سۊفته نۊکۊديم,دشت,تا حالا دشت نکرديم
500,سۊفره,سۊفرهٰ بۊشؤستم,سفره,سفره را شستم
501,سۊماپالان,کابينتˇ جأ سۊماپالانأ مرأ فأدن,آبکش,از داخل کابينت آبکش را به من بده
502,سۊک,سردي-يأ سۊک بني کفه,سيخکی,نردبان را سيخکی بگذارى مى‌افتد
503,سۊکۊله,سۊکۊله کۊکۊره کۊ وناله آدم بۊخۊسه,خروس,قوقولی قوقو خروس اجازه نمی‌دهد آدم بخوابد
504,شأ,چي شأ کۊدن؟,مى‌شود,چه مى‌شود کرد؟
505,شؤت,اۊ شؤتأ مرأ فأدن,فرچه,آن فرچه را به من بده
506,شؤن,شؤنˇ مؤقه مرأ دۊخان,رفتن,هنگام رفتن صدايم کن
507,شؤن أمؤن,أمي شؤن أمؤن خۊ جأ سر مأنه,رفت و آمد,رفت و آمد ما برقرار مى‌ماند
508,شال,شال دۊتا أمي کرکانأ ببرد,شغال,شغال دو عدد از مرغ‌های ما را برد
509,شب,شب دکفته,شب,شب شده
510,شباند ٚرۊز,عأید ٚ ره شباند ٚرۊز بيداريم,شب و روز,برای عيد شب و روز بيدار هستيم
511,شل,چي ره شل شلکأ را شي؟,لنگ,براى چه لنگان لنگان راه مى‌روى؟
512,شلار,هأی خۊ گبأ شلار دأئي,کش دادن,مدام حرف‌اش را کش مى‌داد
513,شلله,مي پلا شلله بؤبؤ,خمير شدن پلو,پلوى من خمير شد
514,شه,أيأ چقد گرمه، شه بزه,عرق ريز,اين‌جا چه‌قدر گرم است، عرق ريز زدم
515,شواله,تش شواله کشه,شعله,آتش شعله مى‌کشد
516,شيب,شيب بزن,سوت,سوت بزن
517,شيش,أمان شيش نفر بيم,شش,ما شش نفر بوديم
518,شيمي,اۊى سفر أمان بامؤئيم أى سفر شيمي نؤبه-يه,شما,دفعه پيش ما آمديم اين بار نوبت شماست
519,شکمدار,شکمدارˇ زناکانأ مأنه,حامله,مانند زن‌هاى حامله است
520,شکمدار,شکمدار ٚ زناکانأ مأنه,آبستن,مانند زن‌های آبستن است
521,شۊتۊر,هأ پيلکي شۊتۊر,شتر,شتر به اين بزرگی
522,شۊرۊم,شۊرۊم بيگيفته,مه,مه گرفته است
523,شۊرۊم,شۊرۊم بيگيفته,مه,مه گرفته است
524,شۊماره,سيرۊس قايقرانˇ شۊماره 9 بۊ,شماره,شماره سيروس قايقران 9 بود
525,شۊمان,شۊمان بيشيد,شما,شما برويد
526,صؤب,من صؤبان زۊد شم کارˇ سر,صبح,من صبح‌ها زود به سر کار مى‌روم
527,صبر,صبر بزه,عطسه,عطسه کرد
528,صفه,مي اينستا صفه-يأ دأري؟,صفحه,صفحه اينستاگرام من را دارى؟
529,صۊندؤق,صۊندؤق ٚ دۊرۊن بنأم,صندوق,داخل صندق گذاشتم
530,عأيدبيني,ايمسال کؤرؤنا وأسي عأيدبيني نأريم,عيد ديدنى,امسال به خاطر کرونا عيد ديدنى نداريم
531,عأينک,مي عأينکأ نيده-ئي؟,عينک,عينک من را نديدى؟
532,عار ؤ مۊر,أنˇ عار ؤ مۊر بشکفته,غرور,غرورش شکست
533,عارنامۊس,أمي مرأ عارنامۊسي دأره,رودربايستى,با ما رودربايستى دارد
534,عسکي,کي عسکي بزه؟,عطسه,چه کسى عطسه کرد؟
535,عم پسرزا,تي عم پسر زأکه؟,بچه پسرعمه,بچهٔ پسرعمه‌ات است؟
536,عمجان,ديرۊ بۊشؤم مي عمجانˇ خانه,عمه,ديروز به خانه عمه‌ام رفتم
537,عمجان دؤختر,فردأ مي عمجان دؤختر ٚ خانه ايسائيم,دخترعمه,فردا خانهٔ دخترعمه‌ام هستيم
538,عمجان پسر,مي عمجان پسر رشت ايسأ,پسرعمه,پسرعمه‌ام در رشت است
539,عنقص,أنˇ کاران عنقص ني-يه,از روى عمد,کارهایش از روى عمد نيست
540,عوض,أن همه پۊل فأدأئي اۊنˇ عوض چي فأگيفتي؟,به جاى,اين همه پول دادى به جاى آن چه گرفتى؟
541,عوض دکش,أمي پرهنانأ عوض دکش بۊکۊديم,معاوضه,پيراهن‌هايمان را معاوضه کرديم
542,عيلاج,حسودي-يأ هيچ عيلاج ني-يه,مداوا,حسادت اصلن مداوا نمی‌شود
543,عيلاوه,ايتأ دئه عيلاوهˈ کۊن,اضافه,يکى ديگر اضافه کن
544,غۊرصه,غۊرصه خۊردن نوأ,غصه,غصه نخور
545,فأدأ,ترأ چي فأدأ؟,داد,به تو چه داد؟
546,فأده,تي نظر أمي پۊلأ فأده؟,می‌دهد,به نظرت پول ما را مى‌دهد؟
547,فأرسه,شانس بأوردم ماسۊ مرأ فأرسه,کمک کرد,شانس آوردم ماسو به کمک من آمد
548,فأمستن,أ مؤضۊ فأمستن أنقد سخته؟,فهميدن,فهميدن اين موضوع اين‌قدر سخت است؟
549,فأندر,مرأ فأندر,نگاه کن,به من نگاه کن
550,فأکش,أ لافندأ فأکش,بکش,اين طناب را بکش
551,فأکش,دئه مي کله فأکش نأره,کشش,ذهنم ديگر کشش ندارد
552,فأکش,من گم وا بدن هأى فأکش دأن دره,ادامه,من مى‌گويم بس کن مدام دارد ادامه مى‌دهد
553,فؤقا,آهينأ  فؤقا گيلˇ دۊرۊن,فرو کن,آهن را در گل فرو کن
554,فئلم,أ فئلمأ بيده-بي؟,فيلم,اين فيلم را ديده بودى؟
555,فادار,بۊشۊ تي زاکأ فادار,سرپا بگير,برو بچه‌ات را سرپا بگير
556,فارسانه,بؤشؤ مأمدأ فارسانه,رساند,رفت محمد را برساند
557,فاش,فاش دأن دره,فحش,دارد فحش می‌دهد
558,فال,أ پرهن ته ره فاله,گشاد,اين پيراهن برای تو گشاد است
559,فانچمست,هرچي بۊگؤفتم فچم ميزˇ سرأ بيگير، فأنچمست,خم نشد,هر چه قدر گفتم خم شو سر ميز را بگير، خم نشد
560,فاکشيم,بيأ أ ميزأ فأکشيم ببريم اۊرأ,بکشيم,بيا اين ميز را بکشيم ببريم آن طرف
561,فترات,أشان دئه فترات کاشتن دريد,بيداد,اين‌ها ديگر دارند بيداد می‌کنند
562,فته کۊدن,دئه أمرأ فته کۊدن دره,به تنگ آوردن,ديگر دارد ما را به تنگ می‌آورد
563,فجه,أيأ چي فجه؟,ريخته,اين‌جا چه ريخته است؟
564,فرخ,أن اۊنˇ مرأ فرخ کۊنه,تفاوت,اين با آن تفاوت دارد
565,فسفاله,چائي فسفالهˈ فيشان,تفاله,تفاله چاى را دور بريز
566,فسک,مي فسکأ بۊرۊز ندي,راز,راز من را فاش نکنى
567,ففه,ففه خۊري؟,جگر سفيد,جگر سفيد می‌خوری؟
568,فلنگي,چي ره فلنگي؟,می‌لنگی,براى چه مى‌لنگی؟
569,فلگان,سۊفرهٰ فلگان,بتکان,سفره را بتکان
570,فيت,أمرأ فيت دأن دره,تحريک,دارد ما را تحريک مى‌کند
571,فيت,کي ترأ فيت بدأ؟,تحريک,چه کسی تو را تحريک کرد؟
572,فيريني,فيريني خۊري؟,فرنی,فرنی می‌خوری؟
573,فيشادن,أشان فيشادني-ئيد,دور ريختن,اين‌ها دور ريختنى هستند
574,فيللي,فيللي تاودن خيابانˇ دۊرۊن خؤرم کار ني-يه,آب دهان,آب دهان انداختن در خيابان کار خوبى نيست
575,فيللي,فيللي تاودأ,آب دهان,آب دهان انداخت
576,فينگي,چي ره فينگي-يانˇ مأنستن گب زني؟,تو دماغى,براى چه مانند تو دماغى‌ها حرف مى‌زنى؟
577,فيچال,فيچال أنˇ آبأ بيگير,بچلان,بچلان آبش را بگير
578,فک,فک بأورده,بدبيارى,بدبيارى آورد
579,فگيفتم,ايمرۊ حۊقۊق فگيفتم,گرفتم,امروز حقوق گرفتم
580,فۊ,فۊ بزن سردأ به بزين بۊخۊر,فوت,فوت کن سرد شود بعد بخور
581,فۊبرده,تا کيکأ بأورديم فۊبرده,بلعيد,به محض اين که کيک را آوريم بلعيد
582,فۊتۊرکسته,شال أمي کرکانأ فۊتۊرکسته,حمله کرد,شغال به مرغ‌هاى ما حمله کرد
583,فۊداشته,کي بۊ فۊداشته؟,شليک کرد,چه کسى بود شليک کرد؟
584,فۊرانه,أنˇ کاران همهˈ فۊرانه,دور می‌کند,کارهاى او همه را دور مى‌کند
585,فۊندؤق,چنتا فۊندؤق بيچه-ئي؟,فندق,چند عدد فندق چيدی؟
586,فۊچين,تي چۊمانأ فۊچين بۊخۊس,چشم‌ها را ببند,چشم‌هايت را ببند بخواب
587,فۊکۊده,شيرأ فۊکۊده فرشˇ سر,ريخت,شير را روى فرش ريخت
588,فۊکۊن فيشان,أيأ هميشک فۊکۊن فيشانه,ريخت و پاش,اين‌جا هميشه ريخت و پاش است
589,فۊگۊردسته,فۊگۊردسته خۊفته,روى شکم خوابيدن,روى شکم خوابيده است
590,فۊگۊردسته,أمي خانه ديفار فۊگۊردسته,واژگون شد,ديوار خانه ما واژگون شد
591,قؤوت,أنˇ دسأ قؤوت دينه,توان,دستش توان ندارد
592,قاتؤق,ايپچه قاتؤق دۊکۊن,خورش,کمى خورش بريز
593,قار,مي مرأ قاره,قهر,با من قهر است
594,قاق,خبرأ کي بيشتاوستيم قاقأ بؤستيم,حيران,خبر را که شنيديم حيران شديم
595,قاينا,بيلاخره بتأنستم اۊنأ قاينا بۊکۊنم,متقاعد,بيلاخره توانستم آن را متقاعد کنم
596,قيش,مي قيشأ نيده-ئي؟,کمربند,کمربندم را نديدى؟
597,قٚزٚنج,ايپچه پۊل قٚزٚنج بۊکۊدم,پس انداز,کمى پول پس انداز کردم
598,قٚيش,ايمرۊ ايتأ قٚيش بيهئم,کمربند,امروز يک کمربند خريدم
599,قۊشمه مۊ,بۊشۊ تي قۊشمه مۊيأ چأکۊن,آشفته مو,برو موهاى آشفته‌ات را درست کن
600,لؤجنک,بۊشۊ لؤجنکأ دود پيچأ نأيه بۊدۊرۊن,دريچه پشت‌بام,برو دريچه پشت‌بام را ببند گربه داخل نيايد
601,لؤفٚت,تي پا سر بئس هي کسˇ لؤفٚتأ کشئن نوأ,منت,روى پاى خودت بايست منت کسى را نکش
602,لا,أ کاغذأ بنه تي دفترˇ لا,بين دو چيز,اين کاغذ را ميان دفترت بگذار
603,لا,هرچي زأمت بکشه-بيمأ لا بۊکۊد,تباه,تمام زحمت‌هاى ما را تباه کرد
604,لابدان,لابدانأ‌ بيگير,عنکبوت,عنکبوت را بگير
605,لاخه,ئي لاخه بيجير ئي لاخه بۊجؤر,لنگه,يک لنگه پايين يک لنگه بالا
606,لار,أ تۊرف لاره,پوک,اين ترب پوک است
607,لافند,لافندأ کؤيأ بنأئي؟,طناب,طناب را کجا گذاشتی؟
608,لانتۊز,چي ره لانتۊز تأوده؟,جفتک,برای چه جفتک می‌اندازد؟
609,لته,اۊ لتهٰ مرأ فأدن ميزأ پأکۊنم,دستمال,آن دستمال ره به من بده ميز را تميز کنم
610,لس,غذا خۊردنˇ پسي آدم لسأ به,شل و وارفته,آدم بعد از غذا خوردن شل مى‌شود
611,لپه,لپهٰ تأود,توپ,توپ را پرتاب کن
612,لچه,چیچینی دارˇ لچه  نیشته,فراز,گنجشک بر فراز درخت نشسته است
613,لۊچ,لۊچي مگه؟,چپ چشم,مگر چشم‌ات چپ است؟
614,لۊچان,أمرأ لۊچان زنه,پشت چشم نازک کردن,براى ما پشت چشم نازم مى‌کند
615,مأر,مي مأر بۊشؤ کار ٚ سر,مادر,مادر به سر کار رفته است
616,مأرˇ مرد,بعضي-تأ زأکان مأرˇ مرد دأريدي,ناپدرى,بعضى از بچه‌ها ناپدرى دارند
617,مأنستن,خۊ پئرˇ مأنستن گب زنه,مانند,مانند پدرش صحبت مى‌کند
618,مئخ,بچمسته مئخانأ فيشان,ميخ,ميخ‌های خم‌شده را دور بريز
619,مئوه,مئوهٰنأ بۊشؤستي؟,ميوه,ميوه‌ها را شستی؟
620,ما,ايتأ ما بدن,بوسه,يک بوسه بده
621,ما,أ ما وا بشم مۊسافرت,ماه,اين ماه بايد به مسافرت بروم
622,مائي,أکبر دۊتا سيفيد مائي بيهه-بۊ,ماهی,اکبر دو عدد ماهی سفيد خريده بود
623,مات,چي ره ماتأ زئي؟,حيران,برای چه حيران شدی؟
624,ماتؤر,مي ماتؤر رؤشنأ نيبه,موتور,موتورم روشن نمی‌شود
625,ماده,مي ماده مرأ در کۊنه,معده,معده‌ام درد می‌کند
626,ماز,اۊ مازأ مرأ وأسينم مي کفشأ,واکس,آن واکس را بده به کفش‌ام بمالم
627,ماسکأ,ماسکأ بازي-يأ تۊمانأ کۊن,مسخره,مسخره‌بازى را تمام کم
628,ماشل,مي مأرˇ مرأ شؤن دريم مي ماشلˇ خانه,خاله,با مادرم به خانه خاله‌ام مى‌رويم
629,ماشه,اۊ ماشه-يأ مرأ فأدن,انبر آهنى,آن انبر آهنى را به من بده
630,ماشک,ماشکأ تأود,تور ماهی‌گيری,تور ماهی‌گيری را بيانداز
631,ماقؤل,ماقؤل بۊگؤفتم,چه خوب,چه خوب شد گفتم
632,مالا,مي پئر مالايه,ماهى‌گير,پدرم ماهى‌گير است
633,ماندگي,بدأ ايپچه ماندگي بيگيرم,خستگى,اجازه بده کمى خستگى در کنم
634,ماچي,ايتأ ماچي مرأ ديهي؟,بوسه,يک بوسه به من مى‌دهى؟
635,مترس,باقلا باغ ٚ مترسه,مترسک,مترسک باغ باقلا است
636,مته,مته نهأن نوأ,مزاحمت,مزاحمت ايجاد نکن
637,مجاز,مي مجاز نبره,مزاج,با مزاج من سازگار نيست
638,مدار,هأ مدار بۊشۊ جۊلؤ,روش,به همين روش جلو برو
639,مرأ,مرأ بۊگۊ چي خأئي؟,به من,به من بگو چه مى‌خواهى؟
640,مراغ,آدمأ مراغأ گيره,چندش,آدم چندش‌اش مى‌شود
641,مرجانه,أ کارتانأ مرجانه فگيفتم,رايگان,اين کارت‌ها را رايگان گرفتم
642,مرد ٚ خاخۊرزا,مي مرد ٚ خاخۊرزا أمي خانه ايسأ,خواهرزاده شوهر,خواهرزاده شوهرم خانه ما است
643,مردˇ برار,مي مردˇ برارˇ خانه هأ کۊچه دۊرۊنه,برادر شوهر,خانه برادر شوهرم داخل همين کوچه است
644,مردˇ برار زن,تي مردˇ برار زنأ بيدئم,زن برادر شوهر,زن برادر شوهرت را ديدم
645,مردˇ خاخۊر,مي مردˇ خاخۊر بۊشؤ خارج,خواهر شوهر,خواهر شوهرم به خارج رفته است
646,مردأى,أ مردأى ديرۊزم بامؤبۊ,مرد,اين مرد ديروز هم آمده بود
647,مردۊم,مردۊم همه بامؤبيد,مردم,همه مردم آمده بودند
648,مرگٚنا,مرگٚنا بزن,کپه مرگ,کپه مرگ‌ات را بگذار
649,مضرت,أنقد کي مضرتي تي جان همه جيجايه,شرور,آن‌قدر که شرور هستى تمام بدن‌ات زخمى است
650,من,من بۊشؤم,من,من رفتم
651,مه ره,أ کفشأ مه ره بيهئم,براى خودم,اين کفش را براى خودم خريدم
652,مي,مي مأر أمؤن دره,من,مادرم دارد مى‌آيد
653,ميان,أ گب أمي ميان بمانه,بين,اين حرف بين خودمان باشد
654,مچد,مچد شؤن دري؟,مسجد,به مسجد مى‌روى؟
655,مچه,أمين خۊ مچهٰ عمل بۊکۊده,چانه,امين چانه‌اش را عمل کرده است
656,مک,مي سرأ مکأ کۊده,شوره سر,سرم شوره زده است
657,مۊران,آهين مۊران بزه,زنگ آهن,آهن زنگ زده است
658,مۊرجه,ايپچه مۊرجه دۊکۊن,عدس,کمی عدس بريز
659,مۊرجه,ايپچه مۊرجه دۊکۊن,عدس,کمی عدس بريز
660,مۊرغانه,دۊتا مۊرغانه بأور مۊرغانه دشکن بۊخۊريم,تخم‌مرغ,دو عدد تخم‌مرغ بياور نيمرو بخوريم
661,مۊس,مۊس بۊکۊده,کپک,کپک زده است
662,مۊسافرت,أئي بيشيم مۊسافرت؟,مسافرت,می‌آيی به مسافرت برويم؟
663,نأرم,تي شۊمارهˈ نأرم,ندارم,شماره‌ات را ندارم
664,نأنسته-بؤ,نأنسته-بؤ أ کارأ بۊکۊده,ناآگاهانه,ناآگاهانه اين کار را کرد
665,نؤبدان,اينفرأ بأور نؤبدانأ چأکۊنه,ناودان,يک‌نفر را بياور ناودان را درست کند
666,نؤرۊزوٚل,17 مۊرداد نؤرۊزوٚله,عيد باستانى گيلان,17 مرداد عيد باستانى گيلان است
667,نابراري,أن مي نابراري-يه,نابرادری,اين نابرادری من است
668,ناجه,ناجه دأرم ايمرۊ بازي-يأ سر بيبيم,اميد,اميدوارم امروز در بازی پيروز شويم
669,ناحق ؤ نابۊد,ناحق ؤ نابۊد کرأ زٚجٚر کشیم,به ناحق,به ناحق داريم زجر می‌کشيم
670,ناخبر,رضا ناخبر بامؤ أمي خانه,سرزده,رضا سرزده به خانه ما آمد
671,ناخۊش آوال,ايمرۊ ايپچه ناخۊش آوالم,مريض,امروز کمی مريض هستم
672,ناخۊن,مي پا ناخۊن بشکفته,ناخن,ناخن پايم شکست
673,ناخۊن,تي ناخۊنأ بيگير,ناخن,ناخون‌ات را بگير
674,ناره,ناره کۊدن دره,نعره,دارد نعره می‌زند
675,نازبداشته,أمي زأکأن نازبداشته-ئيد,نازپرورده,بچه‌های ما نازپرورده هستند
676,ناسۊس,بۊشۊ ناسۊسأ بأور,تلمبه,برو تلمبه را بياور
677,ناقلن,ناقلن تۊ أمي مرأ بيأ,لااقل,لااقل تو با ما بيا
678,ناکس,ناکسˇ پۊشتين بؤستن نوأ,نامرد,از نامرد حمايت نکن
679,نتاج,أمان گيلک ٚ نتاجيم,نسل,ما از نسل گيلک هستيم
680,نجاق,نخأستي بأيه نجاقˇ مرأ أنأ بأوردم,اجبار,نمى‌خواست بيايد به اجبار او را آوردم
681,ندار,ندارˇ آدمه,فقير,آدم فقيرى است
682,نشأ,جاده-يأ آب بيگيفته شؤن نشأ,نمى‌توان,آب جاده را فراگرفته است نمى‌توان رفت
683,نقل,ايتأ نقل بۊگۊ,داستان,يک داستان بگو
684,نم,أمي وسيلهˈنأ نم بزه,رطوبت,وسايل ما را رطوبت زده است
685,ننأ,فاکتؤران ميزˇ سر ننأ,نيست,فاکتورها روى ميز نيست
686,نهأن,پلايأ نهأن درم گازˇ سر,گذاشتن,دارم پلو را روى گاز مى‌گذارم
687,نوأ,اۊتؤ گب زئن نوأ,نکن,آن طور صحبت نکن
688,نيده بيده,نيده بيده-کانأ مأنه,نديد بديد,مانند نديد بديدها است
689,نيشتاو,زأکي-يم نيشتاو بي,سرتق و لجوج,کودکى هم سرتق و لجوج بودى
690,نيميزگيره,درأ نيميزگيره وأکۊن,اندکى,در را اندکى باز کن
691,نيويره,مرأ سربسر نهأن نوأ نيويره بد ديني-يأ,وگرنه,من را اذيت نکن وگرنه بد مى‌بينى‌ها
692,نيويشتن,کيتاب نيويشتن درم,نوشتن,دارم کتاب می‌نويسم
693,نپج,أ نۊخۊدان نپجه,ديرپز,اين نخودها ديرپز هستند
694,هأتؤ,حؤکمن هأتؤيه کي شۊمان گيد,همين‌طور,به احتمال قوی همين‌طور است که شما می‌گوييد
695,هأنه,أمي دار ؤ ندار هأنه,همين است,دارايى ما همين است
696,هأچين,هأچين پلا خۊردن دريم,خالی,داريم پلو خالی می‌خوريم
697,هأچين پلا,هأچين پلا خۊردأن درم,پلو خالی,دارم پلو خالی می‌خورم
698,هأچينه,خانه أثاثانأ هأچينه فأدأ بۊشؤ,رايگان,وسايل خانه را به رايگان داد رفت
699,هئن,چي هئن دري؟,خريدن,دارى چه مى‌خرى؟
700,هر ساعت دقه,هر ساعت دقه أيه أمي خانه,دم به دقيقه,دم به دقيقه به خانه ما مى‌آيد
701,هرتا,هرتا گۊشي-يان ايتأ خؤبي دأريدي,هر کدام,هر کدام از گوشى‌ها يک خوبى دارند
702,هسأ,هسأ أيم,اکنون,اکنون مى‌آيم
703,هش,هش نفر بامؤئيد,هشت,هشت نفر آمدند
704,هف,هف نفر نامؤبيد,هفت,هفت نفر نيامده بودند
705,هف شب,فردأ مي جغله هف شبه,جشن شب هفت زايمان,فردا جشن شب هفت زايمان کودک من است
706,هلاچين,زاک ٚ ره صارا دۊرۊن هلاچين چأکۊدم,تاب,برای بچه در حياط خانه تاب درست کردم
707,هلماله,دئه هلماله اۊنˇ ورجا نشم,هرگز,ديگر هرگز پيش او نمى‌روم
708,هم زاما,مي هم زاما هرشب أمي خانه ايسأ,باجناق,باجناق من هرشب خانه ما است
709,همه-دأنه,فردأ همه-دأنه أئيدي,همه,فردا همه مى‌آيند
710,هميشک,گيلان هميشک وارشي-يه,همواره,گيلان همواره بارانى است
711,هندم هۊندم,هندم هۊندمه کي واران بأيه,نزديک است,نزديک است که باران بيايد
712,هني,هني وا بيشي؟,باز,باز بايد بروی؟
713,هيزار,هيزار تۊمۊن دئه پۊل ني-يه,هزار,هزار تومان ديگر پول نيست
714,هيست,واران وارستي هيستأ بؤستم,خيس,باران مى‌باريد خيس شدم
715,هيل,ايپچه هيلم دۊکۊن,گشنيز,کمی گشنيز هم بريز
716,وأبرازه,أ پرهن ترأ وابرازه,شايسته است,اين پيراهن شايسته تو است
717,وأجه,تي دۊماغأ چي وأجه؟,چسبيده است,روی بينی‌ات چه چيزی چسبيده است؟
718,وأده,أمرأ وأده بيگيفته,دعوت,ما را دعوت کرده است
719,وأسي,وأسي دۊ تا نان فگيفته-بيم,بايد,بايد دو عدد نان مى‌گرفتم
720,وأسي,ايمرۊ خأيلي کار دأرم، هأنˇ وأسي زۊد بأمؤم,به خاطر,امروز کارم زياد است، به خاطر همين زود آمدم
721,وأمرازه,أ گبان ترأ وأمرازه,شايسته نيست,اين حرف‌ها شايسته تو نيست
722,وأورس,اۊ زناکأ وأورس,بپرس,از آن زن بپرس
723,وأورسي,هرچي وأورسي ترأ گب بسرأ کۊنه,بپرسی,هر چه بپرسى حرف را عوض مى‌کند
724,وأچئن,خۊ خانه سرأ وأچئن دره,کندن,دارد سقف خانه‌اش را برمی‌کند
725,وأچۊک,دارأ وأچۊک,بچسب و بالا برو,به درخت بچسب و بالا برو
726,وأکفتم,دئه وأکفتم,از پا افتادم,ديگر از پا افتادم
727,وأکفته,أمرأ وأکفته,پيله کرد,به ما پيله کرد
728,وأکۊده,مأمدأ وأکۊده بامؤ,رساند,محمد را (به مقصد) رساند و آمد
729,وأکۊن,درأ وأکۊن,باز کن,در را باز کن
730,وأگردان,أ کيتابأ تۊ وأگردان بۊکۊدي؟,ترجمه,اين کتاب را تو ترجمه کردى؟
731,وأگردان,اۊ کۊکۊ-يأ وأگردان,پشت و رو کن,آن کتلت را پشت و رو کن
732,وأگردانئده,أ خيابانˇ ايسمأ وأگردانئده,تغيير داده‌اند,نام اين خيابان را تغيير داده‌اند
733,وأگردانئم,کيتابأ وأگردانئم,عودت دادم,کتاب را عودت دادم
734,وأگيران,گازأ وأگيران,روشن کن,اجاق را روشن کن
735,وئر,تأني أ رۊخانأ وئر بزني؟,گذشتن از عرض رودخانه,مى‌توانى از عرض اين رودخانه عبور کنى؟
736,وا,أيتأ اۊيتأ نأره همه وا بأئيد,بايد,اين و آن ندارد همه بايد بيايند
737,وا,سردˇ وا دمه,باد,باد سرد مى‌وزد
738,وا,هرچي خۊرم هنده مرأ وا,ميل داشتن,هرچه مى‌خورم باز هم ميل دارم
739,وابؤن,در وابؤ,باز شدن,در باز شد
740,واترکانم,ترأ بيدينم واترکانم,جر می‌دهم,تو را ببينم جر می‌دهم
741,واترکستم,خأنده جأ واترکستم,ترکيدم,از خنده ترکيدم
742,واتين,گيدي کؤرؤنا واتين دأره,مسرى,مى‌گويند کرونا مسرى است
743,واجؤر,أ بج واجؤر کۊنه,رى,اين برنج رى مى‌کند
744,واجام,زرد ٚ واجامأ مأنه,بادنجان,مانند بادنجان زرد است
745,واجاوره,أمرأ خۊره واجاوره,قى می‌کند,ما را مى‌خورد دوباره قى مى‌کند
746,واخان,أنأ واخان,دوباره بخوان,اين را دوباره بخوان
747,واخب,أمانم ديرۊ واخبأ بؤستيم,آگاه,ما هم ديروز آگاه شديم
748,واخۊر,آب واخۊر,بنوش,آب بنوش
749,واد,فچم تي وادأ بيگيرم,اندازه,خم شو اندازه‌ات را بگيرم
750,واداشته,أمرأ واداشته أ سردˇ هوا دۊرۊن بئسيم,وادار کرد,ما را وادار کرد در اين  هواى سرد بمانيم
751,وارؤختن,گيلانأ وارؤختن درد,غارت کردن,دارند گيلان را غارت می‌کنند
752,واران,ديرۊ واران بامؤبۊ,باران,ديروز باران آمده بود
753,وارستن,واران وارستن دره,باريدن,دارد باران مى‌بارد
754,وارسي,ايپچه اۊشنتر همهٰ وارسي کۊديد,بازرسی,کمى آن طرف‌تر همه را بازرسی می‌کردند
755,وارسي,وا أول وارسي بۊکۊنيد,تحقيق,بايد ابتدا تحقيق کنيد
756,واز,چيچيني-يانأ فأندر چۊتؤ واز کۊنیدي,پرواز,گنجشک‌ها را نگاه کن چگونه پرواز می‌کنند
757,واز ؤ ولنگ,زاکان پارکˇ دۊرۊن چي واز ؤ ولنگي کۊنيدي,جست و خيز,بچه‌ها در پارک چه جست و خيزى مى‌کنند
758,وازده,مرأ وازده بأورده,به تنگ آمدن,من را به تنگ آورده است
759,وازن,تي کفشأ وازن بيشيم,بپوش,کفش‌ات را بپوش برويم
760,واسئن,اۊن چیسه ترأ وأسئن دري؟,ماليدن,آن چيست داری به خودت می‌مالی؟
761,واسرأ دأن,أمرأ واسرأ دأ,پى نخود سياه فرستادن,ما را پى نخود سياه فرستاد
762,واسۊجانه,أمي خۊنا واسۊجانه تا خۊ مدرکأ فأگيفت,تا نهايت سوزاند,خون ما را تا نهايت سوزاند تا مدرک‌اش را گرفت
763,واسۊخسته,ترأ واسۊخسته آدم هفتاد سال پاکي نأره,برخورد کرده,آدم به تو برخورد کند تا هفتاد سال پاک نيست
764,واش,گابˇ ره خاش فۊکۊنه سکˇ ره خاش,علف,براى گاو استخوان مى‌ريزد براى سگ علف
765,واشان,بۊشۊ جايأ واشان,پهن کن,برو رختخواب را پهن کن
766,واشکاف,أ پرهن ٚ درزأ واشکاف,بازکن,درز اين پيراهن را باز کن
767,واشکاف,مرأ حالي نؤبؤسته ايپچه واشکاف,بيشتر توضيح بده,متوجه نشدم کمى بيشتر توضيح بده
768,واشکافيدي,باهارˇ وخت گۊلان واشکافيدي,می‌شکفند,فصل بهار گل‌ها مى‌شکفند
769,والان,تي پرهنأ اۊيأ والان,آويزان کن,پيراهن‌ات را آن جا آويزان کن
770,والنگ,نيصفˇ را والنگأ دأ,انصراف,نيمه راه انصراف داد
771,واليشتن,گاب خۊ ماندهٰ واليشتن دره,ليسيدن,گاو دارد گوساله‌اش را مى‌ليسد
772,وامختن,چي-يأ وأمختن دري؟,جستجو,چه چيزی را جستجو می‌کنی؟
773,وامختن دري,چي-يأ وأمختن دري؟,جستجو می‌کنی,چه چيزی را جستجو می‌کنی؟
774,واهيل,مي ديل واهيلأ بؤسته,بى تاب,دلم بى تاب شده است
775,واويجان,مائي-يأ خؤب واويجان,برشته کن,ماهى را خوب برشته کن
776,واوين,أ خالأ واوين,ببر,اين شاخه را ببر
777,واپس,چي ره واپس شؤن دري؟,عقب,براى چه دارى به عقب مى‌روى؟
778,واپلکه,تيانأ بنه بدأ ايپچه واپلکه,خيس بخورد,ديگ را بگذار کمى خيس بخورد
779,واچرد,تا نانأ بيده نيصفأ وأچرد,تکه‌ای از چيزی را کندن,به محض دیدن نان نيمى از آن را کند
780,واکاريد,بعضي-يان خأئيد أمي ميانأ واکاريد,شکرآب کنند,بعضی‌ها می‌خواهند بين ما را شکرآب کنند
781,واکاشته,أمرأ أيأ واکاشته,به انتظار گذاشت,ما را اين‌جا به انتظار گذاشت
782,واکاشته,أمرأ أيأ واکاشته,منتظر گذاشت,ما را اين‌جا منتظر گذاشت
783,واگير,أن ٚ مأر أنˇ گبأ واگير کۊنه,تصديق حرف,مادرش حرف او را تصديق می‌کند
784,وخت,باهارˇ وخت أيم گيلان,فصل,فصل بهار به گيلان مى‌آيم
785,ودره,اۊ ودرهˈ فأدن مرأ,سطل,آن سطل را به من بده
786,ورأچۊک,بامؤ أمي ورأچۊک بينيشته,در کنار,آمد در کنار ما نشست
787,ورجا,کيتابان أمدˇ ورجا نهأ,نزد,کتاب‌ها نزد احمد است
788,ورف,أجۊر ورف کي تا هسأ بيده بۊ؟,برف,اين‌گونه برف چه کسى تا حالا ديده بود؟
789,وسته,هأنقد مرأ وسته,کافى است,همين قدر براى من کافى است
790,ول,آتشˇ ولأ فأندر,شعله آتش,شعله آتش را نگاه کن
791,ولکي,ايپچه بئسيد ولکي أميرم بأيه,شايد,کمى صبر کنيد شايد امير هم بيايد
792,ولگ,پئيز ولگان چي خؤشگيلأ بيد,برگ,در پاييز برگ‌ها چه زيبا می‌شوند
793,وهاشته,مي پئر مرأ وهاشته بأيم,اجازه داد,پدرم به من اجازه داد بيايم
794,ويريزانه,أمرأ أمي جا سر ويريزانه,بلند کرد,ما را از جايمان بلند کرد
795,ويريزانه,خابˇ جا أمرأ ويريزانه,بيدار کرد,ما را از خواب بيدار کرد
796,ويريشتد,گيلکان هأتؤئيد، مشرۊطه زماتم هأ ايوار ويريشتد,قيام کردند,گيلک‌ها همين‌گونه هستند، در زمان مشروطه هم به‌يک‌باره قيام کردند
797,ويريشته,اۊن کيسه ويريشته؟,بلند شد,آن کيست که بلند شد؟
798,ويريشته,بۊشۊ بيدين زأى ويريشته؟,بيدار شد,برو ببين بچه بيدار شد؟
799,ويشتا,مرأ ويشتايه,گرسنه,گرسنه هستم
800,ويشتر,قاتؤق ويشتر دۊکۊن,بيشتر,خورش بيشتر بريز
801,ويني زئک,تي دۊماغ ويني زئکأ پأکۊن,آب بينی,آب بينی‌ات را پاک کن
802,ويگير,گۊشي-يأ ويگير,بردار,گوشى را بردار
803,وٚلٚش,بيأ بيشيم وٚلٚش چيني,تمشک,بيا برويم تمشک بچينيم
804,يأ,أنأ خأئي يأ اۊنأ؟,يا,اين را مى‌خواهى يا آن را؟
805,ياره,خاليشواشأ فأدن مي مأر ته ره ياره,می‌سايد,پونه را به مادرم بده براى تو مى‌سايد
806,ياور,تأنيد مرأ ياور بديد؟,کمک,مى‌توانيد به من کمک کنيد؟
807,پئر,مي پئر بۊشؤ کارˇ سر,پدر,پدرم سر کار رفته است
808,پئر ؤ مأر,مي پئر ؤ مأر بخانه نئسائيد,پدر و مادر,پدر و مادرم خانه نيستند
809,پئرˇ زن,همه-تا پئرˇ زنان کي بد ني-ئيد,نامادرى,تمام نامادرى‌ها که بد نيستند
810,پئله,چائي-يأ دۊکۊن پئله دۊرۊن,نعلبکی,چای را درون نعلبکی بريز
811,پئنج,پئنج تا نان خأيم,پنج,پنج عدد نان مى‌خواهم
812,پئنجا,زري-يم خۊ پئنجا تۊمۊنأ فأدأ,پنجاه,زری هم پنجاه تومن‌اش را داد
813,پا بسر,زاکأ پا بسر کۊدن نوأ,از روى چيزى گذشتن,از روى بچه عبور نکن
814,پا تۊک,تي پا تۊکˇ سر بئس خانه دۊرۊنأ فأندر,نوک پا,روى نوک پايت بايست داخل خانه را نگاه کن
815,پابرانده,پابرانده صارا شؤن نوأ,پابرهنه,پابرهنه به حياط نرو
816,پاخت,دگرأ بۊخۊردم پاختا بؤستم زيمينˇ سر,پهن,تلوتلو خوردم روی زمين پهن شدم
817,پاستن,کۊجي زاکانأ وا پاستن,محافظت کردن,از بچه‌هاى کوچک بايد محافظت کرد
818,پاماله,أن لۊآسˇ پاماله-يه,رد پا,اين رد پاى روباه است
819,پاپى,أمي پاپى بؤبؤسته,تعقيب,ما را تعقيب کرد
820,پاچ,آدم پاچ ببه أمما آردال نبه,کوتاه قد,آدم کوتاه قد باشد اما بلند قد بى‌قواره نباشد
821,پاک,پاک خؤرأ بزه نيشتاوستن,به کل,به کل خودش را به نشنيدن زد
822,پاک,سبزي-يانأ پاکۊدي؟,تميز,سبزى‌ها را تميز کردى؟
823,پت,أمي مؤبل ٚ دستهٰ پت بزه,کرم چوب‌خوار,دسته مبل ما را کرم چوب‌خوار خورده است
824,پرأ گيفته,زأى تا خۊ مارأ بيده پرأ گيفته,بسيار خوشحال شد,کودک به محض ديدن مادرش بسيار خوشحال شد
825,پرأ گيفتيد,چيچيني-يان تا پيچايأ بيده-ئيد پرأ گيفتيد,پرواز کردند,گنجشک‌ها تا گربه را ديدند پرواز کردند
826,پرکاله,ايتأ پرکاله سئب مرأ فأدن,تکه,يک تکه سيب به من بده
827,پرکيم,سرمائي کرأ پرکيم,می‌لرزيم,از سرما داريم مى‌لرزيم
828,پس,وا ويشتر حقˇ سأى بۊکۊنم نيويره پس دکفم,عقب,بايد بيشتر تلاش کنم وگرنه عقب مى‌افتم
829,پس بمأنسته,تي پس-بمانسته غذايأ فۊکۊن چيري-يانˇ ره,باقى مانده,باقى‌مانده غذايت را براى پرنده‌ها بريز
830,پس ٚ پۊشت,أشانأ ببر اۊ پس ٚ پۊشت تأود,در آخرها,اين‌ها را ببر در آن آخرها بينداز
831,پسˇ کۊنˇ قاف,مي تۊمانأ ببرده پسˇ کۊنˇ قاف بنأ,پشت کوه قاف,شلوارم را برده پشت کوه قاف گذاشته
832,پسرزأک,پسر زأکه أن ٚ تامأ دکفه,پسربچه,پسربچه است هوس می‌کند
833,پسي,أنˇ پسي تي درزأ فأرس,بعد از,بعد از اين به درس‌ات برس
834,پسي,شامˇ پسي أيم شيمي خانه,بعد از,بعد از شام به خانه شما مى‌آيم
835,پشه دام,تاوستانان أگه پشه-دام نمانه خۊفتن نشأ,پشه‌بند,تابستان‌ها اگر پشه بند نباشد نمى‌شود خوابيد
836,پلکان,پلکانˇ سر نيشتن نوأ,پله,روى پله‌ها ننشين
837,پيت,أمي سئخان همه پيتأ بؤستد,غُر,تمام سيخ‌هاى ما غُر شده‌اند
838,پيسخاله,مرأ نوأ ايتأ پيسخاله دۊکۊن,کمی,ميل ندارم کمی بريز
839,پيش,علی أمرأ پيش دکفته,جلو,علی از ما جلو زد
840,پيش,پيش کيسه؟,شروع کننده بازى,شروع کننده بازى چه کسى است؟
841,پيش دٚوٚد,مي پيش دٚوٚد کۊيأ نهأ؟,پيش‌بند,پيش‌بندم کجاست؟
842,پيش گب,کيتاب تۊمانأ بؤسته بمانسته أنˇ پيش گب,مقدمه,کتاب تمام شده مقدمه‌اش مانده است
843,پيشأشؤ,فردأ أمي مئمانان أئيدي وا بيشيم أشانˇ پيشاشؤ,پيشواز,فردا مهمان‌هاى ما مى‌آيند بايد به پيشوازشان برويم
844,پيل,مي دس پيل بۊکۊده,تاول,دستم تاول زده است
845,پيله,ايتأ پيله سئب مرأ فأدن,بزرگ,يک سيب بزرگ به من بده
846,پيله-سۊس,زأکم أنقد پيله-سۊس؟,فضول,بچه هم اين قدر فضول؟
847,پيلکي,هأ پيلکي آدم خۊ گب زئنأ نأنه,بزرگى,آدم به اين بزرگى حرف زدنش را بلد نيست
848,پينيک,تي رختان همه پينيک بزئکه,وصله,تمام لباس‌هايت وصله خورده است
849,پينيک-پاره,پينيک-پاره رختان تازگي داب بؤبؤسته,وصله پينه,لباس‌هاى وصله پينه جديدن مد شده است
850,پيچ واپيچ,أ مؤضۊ خأيلي پيچ واپيچه,پيچيده,اين موضوع خيلى پيچيده است
851,پيچأ,پيچأ کيشکائان ٚ ره جۊخۊفته دأره,گربه,گربه برای جوجه‌ها کمين کرده است
852,پيچاک,پيچاک ٚ وينجي-يأ مأنه,چسبنده,مانند سقز چسبنده است
853,پٚل,ترأ پٚلأ کۊنمه,تکه تکه,تو را تکه تکه مى‌کنم
854,پٚلف,تي پٚلفˇ شکمأ آبأ کۊن,چاق,شکم چاق‌ات را آب کن
855,پۊتار,أيأ چي فۊکۊدي، پۊتارأ کۊده,مورچه,اين‌جا چه ريختی، مورچه جمع شده است
856,پۊتۊ,ترأ پۊتۊ دشان,پتو,پتو روی خودت بينداز
857,پۊر,اۊتۊبۊسانأ آدم دره پۊر,پر,اتوبوس‌ها پر از آدم است
858,پۊرأ کۊن,تيانأ آب دۊکۊن پۊرأ کۊن,پرکن,ديگ را آب بريز پر کن
859,پۊرد,آهين پۊردأ دٚواريم دئه فأرسيم,پل,از پل آهنى عبور کنيم ديگر مى‌رسيم
860,پۊسته ايشکنه-ئي,خؤشحالي جأ پۊسته ايشکنه-ئي,بشکن می‌زد,از خوشحالى بشکن مى‌زد
861,پۊشت,بۊشۊ فأندر درˇ پۊشت کي ايسأ؟,پشت,برو نگاه کن پشت در کيست؟
862,پۊشتابد,تي پۊشتابدأ اۊسان بيشيم,کوله‌پشتى,کوله پشتى‌ات را بردار برويم
863,پۊشتين,گيلک گيلکˇ پۊشتينه,پشتيبان,گيلک پشتيبان گيلک است
864,پۊل,ايپچه پۊل دأري مرأ فأدي؟,پول,کمى پول دارى به من بدهى؟
865,پۊلۊک,مي پرهنˇ پۊلۊک بکفته,دگمه,دگمه پيراهنم افتاده است
866,چأکۊنم,کرأ خانه چأکۊنم,می‌سازم,در حال ساختن خانه هستم
867,چأکۊنه,بۊشۊ رمضانˇ ويجا، اۊن تأنه تي کارأ چأکۊنه,درست می‌کند,نزد رمضان برو، او مى‌تواند کار تو را درست کند
868,چؤ,چؤ دکفتهˈنأ باور کۊدن نوأ,شايعه,شايعه‌ها را باور نکن
869,چؤرنيلي,أ چؤرنيلي پرهنأ ديرۊ بيهئم,بنفش,اين پيراهن بنفش را ديروز خريدم
870,چئل,چئل سال پيش أيأ بامؤبۊم,چهل,چهل سال قبل اين‌جا آمده بودم
871,چا,بۊشۊ چا جأ آب واغۊش,چاه,برو از چاه آب بکش
872,چار,چار تا کۊئي مرأ فأدن,چهار,چهار عدد کدو به من بده
873,چارپاچه,چارپاچه نيشته بۊ,چارزانو,چارزانو نشسته بود
874,چارچاک,درأ چارچاک بنأ بۊشؤ,چارطاق,در را چهارطاق گذاشت و رفت
875,چالٚکا,چالٚکا ميان دنکفي,چاله,داخل چاله نيفتى
876,چان,وحيدأ بيدئم ايتأ کيسه بج بچانأ گيفته بۊ شؤن دۊبۊ,دوش,وحيد را ديدم يک کيسه برنج بر روى دوش گرفته بود مى‌رفت
877,چاپ چاپ,بۊلبۊل کرأ چاپ چاپ زنه,چهچهه,بلبل دارد چهچهه مى‌زند
878,چاپلا,خؤشالي جأ کرأ چاپلا زنه,کف زدن,از خوشحالى دارد کف مى‌زند
879,چاک,غذا بۊ هأ چاکأ پۊرأ کۊده,فضاى اطراف,بوى غذا فضای اطراف را پر کرده است
880,چرت ٚ چۊلا,دئه کرأ چرت ٚ چۊلا گي,مزخرف,ديگر داری مزخرف می‌گويی
881,چرخ,ديرۊ ايتأ چرخ بيهئم,دوچرخه,ديروز يک دوچرخه خريدم
882,چرخستن,هأچين أمي دؤر چرخستن دريم,چرخيدن,بيخودى داريم دور خودمان مى‌چرخيم
883,چف,أنقد بۊخۊفتي چف بۊکۊدي,ورم,آن قدر خوابيدی ورم کردی
884,چفت,درأ چفتأ کۊدي؟,بستن,در را بستى؟
885,چفتن,سرمائي چفتن دٚوستيم,يخ بستن,از سرما يخ زديم
886,چمچه,چمچهٰ نيده-ئي؟,ملاقه,ملاقه را نديدی؟
887,چنتا,تۊ چنتا آغۊز دأري؟,چند عدد,تو چند عدد گردو دارى؟
888,چندر,شيمي خانه چندر دۊره,چه‌قدر,خانۀ شما چه قدر دور است
889,چيسه,أن دئه چيسه؟,چيست,اين ديگر چيست؟
890,چيشتن,کرأ غذائانأ ايتأ ايتأ چيشتن درم,مزه کردن,دارم يکى يکى غذاها را مزه می‌کنم
891,چيچال,تي دسأ چيچالˇ آبˇ مرأ بۊشؤر,ولرم,دست‌هايت را با آب ولرم بشور
892,چيچيني,ايمرۊ ايتأ چيچيني-يم نيدئم,گنجشک,امروز يک گنجشک هم نديدم
893,چٚسک,هرچي بۊگؤفتم تۊنم بيأ، بۊگؤفت چٚسک,خير,هرچه گفتم تو هم بيا، گفت خير
894,چٚلک,چرک,تي چٚلک ٚ پرهنأ بۊشؤر,پيراهن چرک‌ات را بشور
895,چکˇ پر,سينه-آبأ نأنستي هأچين چکˇ پر زئي,دست و پا زدن,شنا کردن بلد نبود بيهوده دست و پا مى‌زد
896,چکستن,ايسپندأ فأندر چۊتؤ چکستن دره,پريدن اسفند هنگام سوختن,اسفند را نگاه کن چگونه دارد مى‌پرد
897,چۊ,خؤشکˇ چۊ هيمه ره خؤبه,چوب,چوب خشک براى هيزم خوب است
898,چۊب,چۊب خۊري-يأ,کتک,کتک مى‌خورى‌ها
899,چۊتؤ,أن چۊتؤ کار کۊنه؟,چگونه,اين چگونه کار مى‌کند؟
900,چۊل,تي کفشأ چۊل بۊکۊدي,گل,کفش‌ات را گلى کردی
901,چۊله,ايتأ کيبريت چۊله مرأ فأدن,چوب کبريت,يک دانه چۊب کبريت به من بده
902,چۊم,مي چۊم نيدينه,چشم,چشمم نمى‌بيند
903,چۊم برا,چۊم برا بيم أکه أئيدي,منتظر,منتظر بودم چه وقت می‌آييد
904,چۊم دکف,أ خانه چۊم دکف بد ني-يه,چشم انداز,چشم انداز اين خانه بد نيست
905,چۊمليز,مرأ چۊمليز بيگيفته,نيشگون,من را نيشگون گرفت
906,کؤتر,کؤترانأ سرأدن,کبوتر,کبوترها را رها کن
907,کؤر,اۊ کؤرأ فأندر,دختر,آن دختر را نگاه کن
908,کؤرأ,کؤرأ بيشيم؟,کدام طرف,کدام طرف برويم؟
909,کؤل,بنأ خۊ کؤل ٚ سر ببرده,شانه,روی شانه‌اش گذاشت و برد
910,کؤل,أ چاقۊ کؤله,کند,اين چاقو کند است
911,کؤيأ,مي شارژر کؤيأ نهأ؟,کجا,شارژر من کجا است؟
912,کؤيأن,اۊشانأ کؤيأن بيده-ئي؟,کجاها,آن‌ها را کجاها ديده‌اى؟
913,کؤيتأ,کؤيتأ دسکش تي شين ايسه؟,کدام يک,کدام دستکش مال تو است؟
914,کؤيدانه,کؤيدانه-يأ گي؟,کدام يک,کدام يک را مى‌گويى؟
915,کئخۊدامردي,تي کئخۊدامردي ته ره بدر خۊره,داورى,داورى‌ات به درد خودت مى‌خورد
916,کئن کئن,کئن کئن دأشتي أکه أئي,اين پا آن پا کردن,اين پا آن پا مى‌کرد که چه زمان مى‌آيى
917,کئواني,مي کۊجي کؤر خؤره ايتأ کئواني-يه,کدبانو,دختر کوچک من برای خودش يک کدبانو است
918,کاباسي,کاباسي بأورديم,نحسی,دچار نحسی شديم
919,کاس,تي کاس ٚ چۊمأ قۊربان,چشم‌آبی,به قربان چشم‌های آبی‌ات
920,کاسه,ايتأ کاسه پلا مه ره دۊکۊن,بشقاب,يک بشقاب پلو براى من بريز
921,کال,أ به کاله,نارس,اين به نارس است
922,کاکا,ايپچه کاکا چأکۊن بۊخۊريم,نوعی شيرينی خانگی,کمی شيرينی درست کن بخوريم
923,کخ,أ شامپؤ کخ نۊکۊنه,کف,اين شامپو کف نمی‌کند
924,کرأ,کرأ شم,در حال,در حال رفتن هستم
925,کردˇکار,تي کردˇ کارأ چأکۊن,رفتار,رفتارت را درست کن
926,کرچ,خأيلي کرچه,ترد,خيلی ترد است
927,کرک,کرکان کتکتاس کۊنيدي,مرغ,مرغ‌ها قدقد می‌کنند
928,کش,اۊن کيسه اۊ کش نيشته,گوشه,آن کيست آن گوشه نشسته است
929,کشه,بيأ مي کشه,آغوش,در آغوش من بيا
930,کشک,دۊمرتبه کشکأ بؤستي؟,لوس,دوباره لوس شدى؟
931,کفته,تي ميداد زيمينˇ سر کفته,افتاده است,مداد تو روى زمين افتاده است
932,کل,بۊشۊ تي کلˇ سرأ چاره بۊکۊن,کچل,برو براى سر کچل‌ات فکرى بکن
933,کلانه,بۊشۊ اۊ کلانهٰ بأور,منقل,برو آن منقل را بياور
934,کلاچ ملاچي,أميرحۊسئن ايتأ کلاچ ملاچي پرهن دۊکۊده بۊ,سياه و سفيد,اميرحسين يک پيراهن سياه و سفيد پوشيده بود
935,کلماجين,أ سئب کلماجينه,کرم‌خورده,اين سيب کرم‌خورده است
936,کله,بۊشۊ کلهٰ وأگيران,اجاق,برو اجاق را روشن کن
937,کي,کي تأنه مي مرأ بأيه؟,چه کسى,چه کسى مى‌تواند با من بيايد؟
938,کي,من کي بامؤم,که,من که آمدم
939,کيتاب,أ کيتاب مي شينه,کتاب,اين کتاب مال من است
940,کيس,اۊطي-يأ مرأ فأدن مي رختان کيس بۊخۊرده,چروک لباس,اطو را به من بده لباس‌هايم چروک شده است
941,کيشؤ,دمباريک کيشؤ دۊرۊن ننأبۊ,کشؤ,دمباريک داخل کشو نبود
942,کيشکا,کيشکائانأ فۊران,جوجه مرغ,جوجه‌ها را دور کن
943,کٚتٚل,بۊشۊ ايتأ کٚتٚل مه ره بأور بينيشينم,چهارپايه کوچک,برو يک چهارپايه کوچک برایم بياور بنشينم
944,کٚوار,بۊشؤم سبزي بيهينم کٚوار نأشتي نيهئم,تره,رفتم سبزی بخرم تره نداشت نخريدم
945,کٚکٚج,سبزي-يان ٚ دۊرۊن کٚکٚج مرأ ويشتر خۊش أيه,شاهی,ميان سبزی‌ها شاهی را بيشتر دوس دارم
946,کۊ,أئي بيشيم کۊ؟,کوه,می‌آيی به کوه برويم؟
947,کۊجدانه,مي کۊجدانه برارأ نيده-ئي؟,کوچک,برادر کوچک من را نديده‌اى؟
948,کۊدن,چي کۊدن دري؟,انجام دادن,دارى چه کارى انجام مى‌دهى؟
949,کۊده,هوا سردأ کۊده,شده است,هوا سرد شده است
950,کۊر ٚ قۊقۊ,کۊر ٚ قۊقۊيأ فأندر,جغد,جغد را نگاه کن
951,کۊرش,مي غذا همه کۊرشأ بؤ,جزغاله,تمام غذايم جزغاله شد
952,کۊرش,مي غذا کۊرشأ بؤ,جزغاله,غذايم جزغاله شد
953,کۊشتن,پۊتارانأ کۊشتن نوأئيد,کشتن,مورچه‌ها را نکشيد
954,کۊلک,کاموا کۊلکأ بؤسته,درهم,کاموا درهم شده است
955,کۊمۊش,کۊمۊشأ فأندر,لاک‌پشت,لاک‌پشت را نگاه کن
956,کۊناکۊنا,کۊچه دوسته بۊ کۊناکۊنا وأگردستيم,عقب‌عقب,کوچه بسته بود عقب‌عقب برگشتيم
957,کۊنه,أ دارأ وا کۊنه جأ کأندن,ريشه,اين درخت را بايد از ريشه کند
958,کۊنه مۊنه,کۊنه مۊنه کۊدن نوأ,ترديد,ترديد نکن
959,کۊکلا,کۊکلا ديچئن دره,توطئه,دارد توطئه مى‌کند
960,گؤرخانه,ايمرۊ گؤرخانه وارش بۊ,رعد,امروز باران با رعد بود
961,گؤزکا,گؤزکايأ بيده-ئي؟,قۊرباغه,قورباغه را ديدی؟
962,گئسه,خۊ مۊئانأ گئسه بۊکۊد,بافتن مو,موهايش را بافت
963,گاب,رجب خۊ گابأ فۊرؤختن دره,گاو,رجب دارد گاوش را می‌فروشد
964,گاره,جغلهٰ ببر گاره دۊرۊن بۊخۊسان,گهواره,نوزاد را ببر در گهواره بخوابان
965,گاز,مي گاز مرأ در کۊنه,دندان,دندانم درد مى‌کند
966,گاز ايشکره,ديشب خۊفته-بي گاز ايشکره کۊدي,ساييدن دندان‌ها به هم,ديشب خواب بودی دندان‌هايت را به هم مى‌ساييدى
967,گاچ,تي پا گاچه مگه؟,پاى ناراست,مگر پاى تو ناراست است؟
968,گاگٚلٚف,گاگٚلٚف أرأ دٚوار کۊنم,بعضی اوقات,بعضی اوقات از اين طرف عبور مى‌کنم
969,گب,أ گب کي گؤفتن درم اۊرارسالانˇ شينه,سخن,اين سخن که دارم مى‌گويم براى سال‌هاى دور است
970,گب,مي أمرأ گب بزن,سخن,با من سخن بگو
971,گب خبربر,گب خبربرˇ مرأ نوأسي گب زئن,خبرچين,با خبرچين نبايد حرف زد
972,گب گبˇ سر,گب گبˇ سر بأورده,حرف تو حرف,حرف تو حرف آورد
973,گرا دن,گرا دن بأيه,سُر بده,سر بده بيايد
974,گراپئت,أيأ بيأ بينم يه گراپئت,کج و کوله,بيا اين‌جا ببينم آهاى کج و کوله
975,گرد ٚکله,أمي گردˇ کلهˈ لاف دکفته,دورهمی,دورهمى ما به‌هم خورد
976,گردستن,هرأ گردستن ديبيم,قدم زدن,همين اطراف قدم مى‌زديم
977,گردن پسه,مي گردن پسه-يأ جۊش بزه,پشت گردن,پشت گردنم جوش زده است
978,وأمجي,چي ره وأمجي؟,جستجو می‌کنی,برای چه جستجو می‌کنی؟
979,گرديم,هرأ گرديم,قدم می‌زنيم,همين‌اطراف قدم می‌زنيم
980,گرزک,گرزک مرأ بگشته,زنبور,زنبور من را نيش زد
981,گرمش,گرمش أمؤن دره,باد گرم,دارد باد گرم مى‌آيد
982,گرگر,زاکانˇ گرگر ونأشته بۊخۊسم,سر و صدا,سر و صداى بچه‌ها اجازه نداد بخوابم
983,گلاس,درجکأ گلاس بۊم,خيره,به پنجره خيره بودم
984,گه,خؤره گه,می‌گويد,از جانب خودش بيان می‌گويد
985,گيج گيجي,مرأ گيج گيجي دأن نوأ,قلقلک,من را قلقلک نده
986,گيرينجي,گيرينجي مۊ مرأ خۊش أيه,موى فر,از موى فر خوشم مى‌آيد
987,گٚزٚر,گٚزٚران ٚ آبأ بيگير,هويج,آب هويج‌ها را بگير
988,گٚل,ميرزاکۊچي خان ايتأ پيله گٚل بۊ,شخصيت,ميرزاکوچک خان يک شخصيت بزرگ بود
989,گٚلٚف,گٚلٚف بينيشينيد,با فاصله,با فاصله بنشينيد
990,گۊد,مي مردˇ گۊدان ديرۊ بامؤبيد أمي خانه,خانواده,ديروز خانواده شوهرم به خانه ما آمده بودند
991,گۊده,خۊ رختانأ گۊده بۊکۊد بنأ اۊتاقˇ دۊرۊن,قلمبه,لباس‌هايش را قلمبه کرد گذاشت داخل اتاق
992,گۊزارش,ايمشب وا مي گۊزارشأ تۊمانأ کۊنم,گزارش,امشب بايد گزارشم را تمام کنم
993,گۊشˇ کۊن,مي گۊشˇ کۊن بۊگؤفته,دم گوش,دم گوشم گفت
994,گۊل,أ گۊلأ ته ره بيهئم,گل,اين گل را برای تو خريدم
995,گۊلاز,أمي گۊلاز أنˇ کي گيلکيم,افتخار,افتخار ما اين است که گيلک هستيم
996,گۊلدان,مي گۊلدان بشکفته,گلدان,گلدانم شکست
997,گۊلي,مي گۊلي مرأ در کۊنه,گلو,گلويم درد می‌کند
998,گۊلي,چازگي بۊکۊدم مي گۊلي در کۊنه,گلو,سرماخوردم گلويم درد مى‌کند
999,گۊمار,گۊمار ٚ پۊشت جۊخۊفت,خارستان,پشت خارستان پنهان شد
1000,گۊمگۊمه,مي گۊشˇ کۊن گۊمگۊمه کۊدي,پچ پچ,دم گوشم پچ‌پچ مى‌کرد
