"id","glk_word","glk_example","fa_word","fa_example"
1,"آ","آ مأمۊد خؤرم آدمه","آقا","آقا محمود آدم خوبى است"
2,"آب دأن درم","گۊلانأ آب دأن درم","دارم آب می‌دهم","دارم به گل‌ها آب مى‌دهم"
3,"آبدۊ","آبدۊ کشئن دره","خمیازه","او خمیازه می‌کشد"
4,"آج","آج بأورده","سیری‌ناپذیر","سیری‌ناپذیر است"
5,"آجۊر","آجۊر ديفار ٚ جأ کفتن دره","آجر","آجر دارد از دیوار مى‌افتد"
6,"آخربسر","من کي دأنم آخربسر وا بأئي مي ويجأ","سرانجام","من که مى‌دانم سرانجام باید نزد من بیایى"
7,"آخرپس","شانامه آخرپس خۊشه","پایان","پایان شاهنامه خوش است"
8,"آدم-نفر","شيمي آدم -نفران کؤيأ ايسأئيد؟","اعضا","اعضای شما کجا هستند؟"
9,"آشخال جابه","آشخالانأ تأود آشخال جابه","سطل زباله","زباله‌ها را داخل سطل زباله بینداز"
10,"آغۊز","آغۊز خۊري؟","گردو","گردو می‌خوری؟"
11,"آلاخان والاخان","آلاخان والاخاني جأ بئتره","دربه‌در","از دربه‌دری بهتر است"
12,"آها","آها، منم أيم","بله","بله، من هم می‌آیم"
13,"آهين","مي دۊکان آهين پۊرد ٚ ور نهأ","آهن","مغازه من کنار پل آهنی است"
14,"آوج","هرچي زنگ بزئم آوجأ ندأ","جواب","هر چه زنگ زدم جواب نداد"
15,"ارجئن ارجئن","﻿کاغذانأ همهˈ ارجئن ارجئنأ کۊده","ریز ریز","تمام کاغذها را ریز ریز کرد"
16,"اي","اي ميليۊن تۊمۊن پۊل خأیم","یک","یک میلیون تومان پول لازم دارم"
17,"اي فچم","ترأ بيدينم اي فچم ماچي دهم","بسیار زیاد","تو را ببینم بسیار زیاد مى‌بوسم‌ات"
18,"اي مۊشته","اي مۊشته بج مرأ فأدن","یک مشت","یک مشت برنج به من بده"
19,"اي وخت","اي وخت پۊر ترأ خأستيم","زمانی","زمانی تو را خیلى می‌خواستم"
20,"اي ور","أن ٚ رختان هرتأ اي ور کفته","یک گوشه","هرکدام از لباس‌هایش یک گوشه افتاده است"
21,"اي وري","أ تابلؤ چي ره اي وري نهأ؟","کج","برای چه این تابلو کج است؟"
22,"اي پئم","اي پئم سيبيشکا مرأ فأدي؟","یک مشت","یک مشت تخمه آفتابگردان به من مى‌دهى؟"
23,"ايتأ","ايتأ کاغذ مرأ فأدن","یک","یک کاغذ به من بده"
24,"ايجانا","من ؤ ميعاد ايجانا بۊشؤئيم بيرۊن","با هم","من و میعاد با هم بیرون رفتیم"
25,"ايدانه","ايدانه کۊئي خأيم","یک عدد","یک عدد کدو مى‌خواهم"
26,"ايدفأ","ايدفأ بامؤم شيمي خانه","یک‌بار","یک‌بار به خانه شما آمدم"
27,"ايدفأئي","ناصر ايدفأئي بامؤ اۊتاق ٚ دۊرۊن","ناگهان","ناصر ناگهان داخل اتاق آمد"
28,"ايدقه","ايدقه بئس","یک دقیقه","یک دقیقه صبر کن"
29,"ايرۊز","ايرۊز دئه بمانسته مي تعطيلي-يان تۊمانأ به","یک‌روز","یک‌روز دیگر مانده تا تعطیلاتم تمام شود"
30,"ايزه","ايزه بۊشۊ اۊشنتر","کمى","کمى آن طرف‌تر برو"
31,"ايسأبيد","ديشب همه أمي خانه ايسابيد","بودند","همه دیشب خانه ما بودند"
32,"ايستۊل","أشأن چۊب ٚ جأ ایستۊل چأکۊنيد","صندلی","آن‌ها از چوب صندلی می‌سازند"
33,"ايسم","تي ايسم چيسه؟","نام","نام تو چیست؟"
34,"ايسيد؟","شۊمان چن نفر ايسيد؟","هستید؟","شما چند نفر هستید؟"
35,"ايسکمۊ","بۊشۊ دۊکان دۊتا ايسکمۊ بيهين","بستنی یخی","برو مغازه دو عدد بستنی یخی بخر"
36,"ايشتاو","هأی أمرأ ايشتاو ديهه","هشدار","مدام به ما هشدار می‌دهد"
37,"ايشتاوي","ايشتاوي چي گمه؟","می‌شنوی","می‌شنوی چه می‌گویم؟"
38,"ايششه","ايششه، لانتي","اه (لفظ تنفر)","اه، مار"
39,"ايشماردن","مي زأى ايشماردنأ نأنه","شمارش","بچه من شمارش بلد نیست"
40,"ايشکؤر","کيشکائان ٚ رئم ايشکؤر فۊکۊن","خرده‌برنج","برای جوجه‌ها هم خرده‌برنج بریز"
41,"ايشکنئن","چي-يأ ايشکنئن دري؟","شکستن","دارى چه چیزى را مى‌شکنى؟"
42,"ايمرۊ","ايمرۊ بۊشؤم کيتابخانه","امروز","امروز به کتابخانه رفتم"
43,"اينسان","اينسان بۊبۊ","انسان","انسان باش"
44,"ايوار ايوار","ايوار ايوار شئطان مرأ گه . . .","گهگاه","گهگاه شیطان به من مى‌گوید . . ."
45,"ايواردم","ايواردم وا بشم بازار","یک بار دیگر","یک بار دیگر باید به بازار بروم"
46,"ايوارٚکي","ايوارٚکي بۊگۊ نأيم ترأ راحتأ کۊن","به یک‌باره","به یک باره بگو نمى‌آیم خودت را خلاص کن"
47,"ايپيچم","گۊش نۊکۊني ايپيچم ترأيأ","برخورد تندی می‌کنم","توجه نکنى برخورد تندى با تو مى‌کنم"
48,"ايپچه","ايپچه پلا مه ره دۊکۊن","کمی","کمى پلو براى من بریز"
49,"ايچي","ايچي خأيم ترأ بگم","یک‌چیز","یک‌چیز مى‌خواهم به تو بگویم"
50,"اۊتاق","مي اۊتاق کؤيتأ ايسه؟","اتاق","اتاق من کدام یک است؟"
51,"اۊدۊشتن","سۊمبۊر ٚ مأنستن أمي خۊنأ اۊدۊشتن دريد","مکیدن","مانند زالو دارند خون ما را مى‌دوشند"
52,"اۊرشين","کترأيأ اۊسادم قاتؤقا اۊرشين بزئم","هم زدن","کفگیر چوبى را برداشتم خورش را هم زدم"
53,"اۊسان","قاقؤشاقانأ اۊسان بأور","بردار","قاشق‌ها را بردار بیاور"
54,"اۊسه کۊد","أ کيتابأ کي اۊسه کۊد؟","فرستاد","این کتاب را چه کسی فرستاد؟"
55,"اۊشان","اۊشان کيسيد؟","آن‌ها","آن‌ها چه کسانى هستند؟"
56,"اۊشکؤفت","آب مرأ اۊشکؤفت","در گلو گیر کرد","آب در گلویم گیر کرد"
57,"اۊن","اۊن چيسه؟","آن","آن چیست؟"
58,"اۊيأ","مهين ٚ کيف اۊيأ نهأ","آن‌جا","کیف مهین آن‌جا است"
59,"اۊچين","تي کيتابانأ اۊچين","جمع کن","کتاب‌هایت را جمع کن"
60,"اۊکۊف","أمه ره اۊکۊف دره","شگون","براى ما شگون دارد"
61,"أ","شۊفاژأ چأکۊدي؟","را","شوفاژ را تعمیر کردی؟"
62,"أتؤ","أتؤ نيه","چنین","چنین نیست"
63,"أجۊر","أجۊر چي-يان مرأ حالي نيه","این‌گونه","این‌گونه چیزها را متوجه نمى‌شوم"
64,"أذب","مي برار أذبه","مجرد","برادرم مجرد است"
65,"أرايم","أرايم بيأ","این‌طرف هم","این‌طرف هم بیا"
66,"أرسۊ","تي أرسۊئانأ پاکۊن","اشک","اشک‌‌هایت را پاک کن"
67,"أزازيل","أ أزازيل ٚ زاکانأ فأندر","بسیار شیطان","این بچه‌هاى بسیار شیطان را نگاه کن"
68,"أسباب","ايپچه أسباب بأورم بۊخۊري؟","خوراکى","کمى خوراکى بیاورم بخورى؟"
69,"أشان","أشان کي أمؤن دريد کيسيد؟","ایشان","ایشان که دارند مى‌آیند چه کسانى هستند؟"
70,"أشبل","مائي أشبل ٚ مرأ کۊکۊ چأکۊنيدي","تخم ماهى","با تخم ماهى کوکو درست مى‌کنند"
71,"ألؤغ","باغ ٚ مئن ایتأ ألؤغ بیدئم","عقاب","در باغ یک عقاب دیدم"
72,"ألاو","جه وس هوا سرده أمي دهنأ ألاو بيرۊن أيه","بخار","از بس هوا سرد است از دهان ما بخار خارج مى‌شود"
73,"ألباقي","شير ٚ ألباقي-يأ دۊکۊن جا دۊرۊن","باقى‌مانده","باقى‌مانده شیر را داخل ظرف بریز"
74,"ألنگ","مرأ ألنگ بزه بکفتم","پشت پا","به من پشت پا زد افتادم"
75,"أمأن","أمأن دۊ نفريم","ما","ما دو نفر هستیم"
76,"أمؤن","ورزشگا جأ أمؤن درم","آمدن","دارم از استادیوم مى‌آیم"
77,"أمبست","أ دؤغ پۊر أمبسته","غلیظ","این دوغ خیلى غلیظ است"
78,"أمرأ","من تي أمرأ أيم","با","من با تو مى‌آیم"
79,"أمي","شۊمانم أمي أمرأ أئيدي؟","ما","شما هم با ما مى‌آیید؟"
80,"أن","أن چيسه؟","این","این چیست؟"
81,"أنديفه","أ ساعت چارصد تۊمۊن أنديفه دأره؟","ارزش","این ساعت چهارصد تومن ارزش دارد؟"
82,"أنگاره","چي ره أنقد أنگاره بيده-ئي؟","تدارک","براى چه این‌قدر تدارک دیده‌اى؟"
83,"أوانگاره","هأچين أمه ره أوانگاره بيده-ئيم","دردسر","بیخود براى خودمان دردسر درست کردیم"
84,"أوري","مي کافشينأ أوري؟","می‌آوری","کاپشن من را مى‌آورى؟"
85,"أولي","تي أولي زاکه؟","اول","فرزند اولت است؟"
86,"أوير","مي ساعتأ أويرأ کۊدم","گم","ساعتم را گم کردم"
87,"أويستي","أشان دۊتا أويستي-يأ مأنيدي","هوو","این دو نفر مانند هوو هم هستند"
88,"أيأ","تي کيليدانأ أيأ بنأ بۊم","این‌جا","کلیدهایت را این‌جا گذاشته بودم"
89,"أياز","أياز بينيشته گۊلان ٚ سر","شبنم","شبنم روى گل‌ها نشسته است"
90,"أپچ","أن خۊج أپچه","بی‌مزه","این گلابی وحشی بی‌مزه است"
91,"أژدم","تي پلا أژدمه","بسیار شور","پلو تو بسیار شور است"
92,"أکه","أکه تأنيم بازي بۊکۊنيم؟","چه وقت","چه وقت مى‌توانیم بازى کنیم؟"
93,"بأور","بۊشۊ مي کيفأ بأور","بیاور","برو کیفم را بیاور"
94,"بؤبؤسته","أ پلا دئه بؤبؤسته","آماده","این پلو دیگر آماده است"
95,"بؤبؤسته","چي بؤبؤسته؟","شده است","چه شده است؟"
96,"بؤبؤسته","مهسا مرد ٚ ره بؤبؤسته","شوهر کردن","مهسا شوهر کرد"
97,"بؤرسفته","مي کيف ٚ بند بؤرسفته","پاره شد","بند کیفم پاره شد"
98,"بؤرسن","دئه بؤرسن","تمام کن","دیگر تمام کن"
99,"بؤق","ماشين ٚ شيشه بؤق بۊکۊده","بخار","شیشه ماشین بخار کرده است"
100,"بئس","ايمشبأ أمي خانه بئس","بمان","امشب را در خانه ما بمان"
101,"بئس","ايپچه بئس","صبر کن","کمی صبر کن"
102,"بئگان","هۊيأ بئگان","بیفکن","همان‌جا بیفکن"
103,"باتم","آخربسر خۊ باتمأ فأرسأ","سزای عمل","او در انتها به سزای عملش رسید"
104,"بار بامؤئيد","گيلکان نترس بار بامؤئيد","تربیت شده‌اند","گیلک‌ها شجاع تربیت شده‌اند"
105,"باش","خۊ پيله برارأ باشه","پیروز","بر برادر بزرگ‌اش پیروز است"
106,"باقي بمأنسته","أن ٚ باقي بمانسته ٰ چي بۊکۊنم؟","باقى‌مانده","باقى‌مانده این را چه کنم؟"
107,"بال","مي بالأ بيگير","دست","دستم را بگیر"
108,"بال زئن","أن ٚ پئر أنأ بال بزه","حمایت کردن","پدرش از او حمایت کرد"
109,"بالاخا","أمي بالاخا ويريشته","هواخواه","به هواخواهى ما برخاست"
110,"بامؤخته","بامؤخته آدمأ همه دۊس دأريدي","با ادب","آدم با ادب را همه دوست دارند"
111,"بامؤختي","اۊشاني کي بۊگؤفتمه بامؤختي؟","یاد گرفتی","آن‌هایى که گفتم را یاد گرفتى؟"
112,"ببه","أگه أتؤ ببه","باشد","اگر چنین باشد"
113,"ببه","من گب خبربري نۊکۊنم هرچي خأيه ببه بدأ ببه","بشود","من خبرچینى نمى‌کنم هرچه مى‌خواهد بشود بگذار بشود"
114,"بتپسته","يخچال أسباب ٚ جأ بتپسته-يه","پر","یخچال پر از وسایل است"
115,"بج","ايمسال بج گيرانأ بؤسته","برنج","امسال برنج گران شده است"
116,"بجار","أگه کاري نۊکۊنيم أمي بجاران همه دس جه شيدي","شالیزار","اگر کارى نکنیم تمام شالیزارهاى‌مان  از دست مى‌روند"
117,"بجارکار","بجارکار کۊدن دره","کشاورزی (در شالیزار)","در شالیزار کشاورزی مى‌کند"
118,"بجاوسته","کي خۊ بجاوسته آدامسأ تاودأ خيابان ٚ دۊرۊن؟","جویده","چه کسى آدامس جویده‌اش را در خیابان انداخت؟"
119,"بجسته","مي دس ٚ رگ بجسته","برجسته","رگ دستم برجسته شد"
120,"بخألي","بخألي آخري سال ببه","به گمانم","به گمانم سال آخر باشد"
121,"بدأ","بدأ بيدينم چي تأنم بۊکۊنم","بگذار","بگذار ببینم چه مى‌توانم بکنم"
122,"بدگيل","أ ويلایان چندي بدگيل ايسيد","زشت","این ویلاها چقدر زشت هستند"
123,"برأر","مي برار بۊشؤ ايجباري","برادر","برادرم به سربازی رفته است"
124,"برار زن","أفشين ٚ برارزن مي ريفئقه","زن برادر","زن برادر افشین با من دوست است"
125,"برارزا","مي برارزا بۊشؤ مٚدٚرسه","برادرزاده","برادرزاده‌ام به مدرسه رفته است"
126,"بردن","تقي زن ببرده","ازدواج (با زن)","تقى زن گرفته است"
127,"برسه","أ خۊرمالۊئان برسه","پخته","این خرمالوها پخته است"
128,"بزن بزن","ديرۊ أمي کۊچه سر بزن بزن بۊ","درگیرى","دیروز سر کوچه ما درگیرى بود"
129,"بسته","بسته کۊني؟","شرط","شرط مى‌بندى؟"
130,"بسر تأودأ","مأمد مرأ بسر تأودأ بشم بانک","یادآورى کرد","محمد به من یادآورى کرد به بانک بروم"
131,"بسر دکفتم","بسر دکفتم ايمسال بشم دانشگا","تصمیم گرفتم","تصمیم گرفتم امسال به دانشگاه بروم"
132,"بسچي","بسچي کي أيم","به‌طور قطع و یقین","به‌طور قطع و یقین مى‌آیم"
133,"بشکفت","ورف ٚ سينگيني جأ أ دار بشکفت","شکست","این درخت از سنگینی برف شکست"
134,"بل","أن ٚ بل بل ٚ گۊشأ فأندر","پهن و درشت","گوش‌های پهن و درشت‌اش را نگاه کن"
135,"بمأنستم","دئه بمأنستم","از پا افتادنم","دیگر از پا افتادم"
136,"بمأنسته","أ نان بمانسته-يه","بیات","این نان بیات است"
137,"بمرده","کؤرؤنا وأسي دأني چن نفر بمرده؟","مرده","به خاطر کرونا می‌دانی چند نفر مرده است؟"
138,"بنأ اۊسان","آدم وا خۊ بنأ اۊسانأ بدأنه","راه و روش زندگى","آدم باید راه و روش زندگى خودش را بداند"
139,"بندام","بندام ٚ آدم ٚ مرأ نوأسي نيشتن","بدنام","با آدم بدنام نباید ارتباط داشت"
140,"بنماسته","خؤرأ أمرأ بنماسته","نشان داد","خودش را به ما نشان داد"
141,"بنه","تي ماشينأ هأيأ بنه","بگذار","ماشین‌ات را همین‌جا بگذار"
142,"به","أ راديؤ چأکۊده به؟","مى‌شود","این رادیو درست مى‌شود؟"
143,"به زرف","پئله-يأ به زرف بزه زيمين بشکنه","محکم","نعلبکى را محکم به زمین زد شکست"
144,"به فسکأ دأ","أمرأ به فسکأ دأ","لو داد","ما را لو داد"
145,"بي","تۊ ناصر ٚ أمرأ بي","بودى","تو با ناصر بودى"
146,"بي","مي أمرأ ريفئقأ بي؟","مى‌شوى","با من دوست مى‌شوی؟"
147,"بي شناق","بعضي-يان پۊر بي شناقيد","حق نشناس","بعضى‌ها خیلی حق نشناس هستند"
148,"بي پا","گيلان ٚ بجاران همه بي پا بؤستن دره","نابود","تمام شالیزارهاى گیلان دارد نابود مى‌شود"
149,"بي پۊشت","خۊدا بۊکۊنه هي کس بي پۊشت نبه","تنها","خدا کند هیچ کس تنها نباشد"
150,"بي چنگ ؤ مۊشت","آدم نوأ بي چنگ ؤ مۊشت ببه","بى‌عرضه","آدم نباید بى‌عرضه باشد"
151,"بياره","هرکي وا بياره خۊ گبأ بزنه","جرأت کند","هرکس باید جرأت کند سخن خود را بگوید"
152,"بيافتي","وأمج ولکي بيافتي","پیدا کردی","جستجو کن شاید پیدا کردى"
153,"بيبيشته","بيبيشته بج خأيم","سرخ شده","برنج سرخ شده مى‌خواهم"
154,"بيجير","بيأ بيجير","پایین","بیا پایین"
155,"بيرۊن","بۊشۊ بيرۊن","بیرون","برو بیرون"
156,"بيسپاردم","مرجانأ بيسپاردم","سفارش کردم","به مرجان سفارش کردم"
157,"بينا کۊده","سعيد ديرۊ تا هسأ بينا کۊده درز خأندن","شروع کرد","سعید از دیروز تا حالا شروع کرده درس بخواند"
158,"بينيش","أيأ بينيش","بنشین","اینجا بنشین"
159,"بينيويشته-کس","أ کيتاب ٚ بينيويشته-کس کيسه؟","نویسنده","نویسنده این کتاب چه کسى است؟"
160,"بيچه-ئي","اۊ کۊنۊسأ بيچه-ئي؟","چیدی","آن ازگیل را چیدى؟"
161,"بيگيفت","مي پۊلأ بيگيفت","گرفت","پولم را گرفت"
162,"بٚسٚر","چار ما بسر وا بشم پاریس","در میان","چهار ماه در میان باید به پاریس بروم"
163,"بچمسته","أنقد بجارکار بۊکۊدد أشان ٚ کمر بچمسته دأره","خمیده","آن‌قدر در شالیزارها کار کرده‌اند کمرشان خمیده شده است"
164,"بچنگأ دأ","خۊ پۊلانأ همهˈ بچنگأ دأ","از دست داد","تمام پول‌هایش را از دست داد"
165,"بچکسته","کارن بچکسته فني کاران ٚ ره","شایسته","کارن براى کارهاى فنى شایسته است"
166,"بچۊک","وحيدأ بيدئم بچۊک نيشته بۊ","چمباتمه","وحید را دیدم چمباتمه نشسته بود"
167,"بکأشته","أ گۊلانأ حسن بکأشته","کاشته","این گل‌ها را حسن کاشته"
168,"بکشه-ئي","چي بکشه-ئي؟","رسم کردی","چه چیزى رسم کردى؟"
169,"بکشه-ئي","أشانأ بکشه-ئي","وزن کردی","این‌ها را وزن کردى"
170,"بکفت","زأی دار ٚ جه بکفت","افتاد","بچه از درخت افتاد"
171,"بکفته راشي","أرأ شؤن نوأ بکفته راشي-يه","جاده متروکه","از این راه نرو جاده متروکه است"
172,"بگردستيد","أول أمرأ بگردستيد","بازرسى کردند","ابتدا ما را بازرسى کردند"
173,"بگشت","نأنم چي مرأ بگشت","نیش زد","نمى‌دانم چه چیزى مرا نیش زد"
174,"بگنسته","آغۊز بگنسته مي سرأ","برخورد کرد","گردو به سرم برخورد کرد"
175,"بگيلأ کۊن","أ گبانأ هأيأ بگيلأ کۊن","دفن کن","این حرف‌ها را همین‌جا دفن کن"
176,"بۊ","تي کار بۊ؟","بود","کار تو بود؟"
177,"بۊجؤر","بۊشۊ بۊجؤر","بالا","برو بالا"
178,"بۊجؤر اۊتاق","زاکانأ ببر بۊجؤر اۊتاق","اتاق بالا","بچه‌‌ها را به اتاق بالا ببر"
179,"بۊخۊس","دئره، بۊشۊ بۊخۊس","بخواب","دیروقت است، برو بخواب"
180,"بۊدۊج","تأني مي پرهنأ بۊدۊجي؟","بدوز","می‌توانی پیراهنم را بدوزی؟"
181,"بۊدۊرۊن","بۊشۊ بۊدۊرۊن","داخل","برو داخل"
182,"بۊرۊز","تي فسکأ بۊرۊز دأن نوأ","فاش","رازت را فاش نکن"
183,"بۊز","مي پا بۊز مرأ در کۊنه","پاشنه پا","پاشنه پایم درد مى‌کند"
184,"بۊسۊجانه","غذايأ همهˈ بۊسۊجانه","سوزاند","تمام غذا را سوزاند"
185,"بۊشؤستم","تي رختانأ بۊشؤستم","شستم","لباس‌هایت را شستم"
186,"بۊفۊرؤختم","مي گۊشي-يأ تازگي-يان بۊفرؤختم","فروختم","گوشى‌ام را به‌تازگی فروختم"
187,"بۊچۊلکسته","أمي باغچه گۊلان بۊچۊلکسته","پژمرده","گل‌هاى باغچه ما پژمرده شد"
188,"بۊک بۊکۊده","ايمرۊ چي ره بۊک بۊکۊده-ئي؟","پکر","براى چه امروز پکر هستى؟"
189,"بۊکۊشيد","أشان خأئيد همه ٰ بۊکۊشيد","بکشند","ایشان می‌خواهند همه را بکشند"
190,"بۊگرؤختيم","صابخانه کي بامؤ أمان بۊگرؤختيم","فرار کردیم","صاحب‌خانه که آمد ما فرار کردیم"
191,"بۊگۊ بيشتاو","شيمي بۊگۊ بيشتاوأ نيشتاوستم","گفتگو","گفتگوى شما را نشنیدم"
192,"بۊگۊ مۊگۊ","مي دۊماغ خارش کۊنه بۊگۊ مۊگۊيه","غیبت","بینى‌ام مى‌خارد غیبت‌ام را مى‌کنند"
193,"پئر","مي پئر بۊشؤ کار ٚ سر","پدر","پدرم سر کار رفت"
194,"پئر ؤ مأر","مي پئر ؤ مأر بخانه نئسائيد","پدر و مادر","پدر و مادرم خانه نیستند"
195,"پئر ٚ زن","همه-تا پئر ٚ زنان کي بد ني-ئيد","نامادرى","تمام نامادرى‌ها که بد نیستند"
196,"پئله","چائي-يأ دۊکۊن پئله دۊرۊن","نعلبکی","چای را درون نعلبکی بریز"
197,"پئنج","پئنج تا نان خأيم","پنج","پنج عدد نان مى‌خواهم"
198,"پئنجا","زري-يم خۊ پئنجا ريالأ فأدأ","پنجاه","زری هم پنجاه ریال‌اش را داد"
199,"پا تۊک","تي پا تۊک ٚ سر بئس خانه دۊرۊنأ فأندر","نوک پا","روى نوک پایت بایست داخل خانه را نگاه کن"
200,"پابرانده","پابرانده صارا شؤن نوأ","پابرهنه","پابرهنه به حیاط نرو"
201,"پاخت","مي دۊماغ پاخته","پهن","دماغ من پهن است"
202,"پاستن","کۊجي زاکانأ وا پاستن","محافظت کردن","از بچه‌هاى کوچک باید محافظت کرد"
203,"پاماله","أن لۊاس ٚ پاماله-يه","رد پا","این رد پاى روباه است"
204,"پاپى","أمي پاپى بؤبؤسته","تعقیب","ما را تعقیب کرد"
205,"پاچ","أمي آغۊز دار هني پاچه","کوتاه","درخت گردوی ما هنوز کوتاه است"
206,"پاک","پاک خؤرأ بزه نيشتاوستن","به کل","به کل خودش را به نشنیدن زد"
207,"پاک","سبزي-يانأ پاکۊدي؟","تمیز","سبزى‌ها را تمیز کردى؟"
208,"پت","أمي مؤبل ٚ دسته ٰ پت بزه","کرم چوب‌خوار","دسته مبل ما را کرم چوب‌خوار خورده است"
209,"پرأ گيفته","زأى تا خۊ مارأ بيده پرأ گيفته","بسیار خوشحال شد","کودک به محض دیدن مادرش بسیار خوشحال شد"
210,"پرأ گيفتيد","چيچيني-يان تا پيچايأ بيده-ئيد پرأ گيفتيد","پرواز کردند","گنجشک‌ها تا گربه را دیدند پرواز کردند"
211,"پرکاله","ايتأ پرکاله سئب مرأ فأدن","تکه","یک تکه سیب به من بده"
212,"پرکيم","سرمائي کرأ پرکيم","می‌لرزیم","از سرما داریم مى‌لرزیم"
213,"پس","وا ويشتر حق ٚ سأى بۊکۊنم نيويره پس دکفم","عقب","باید بیشتر تلاش کنم وگرنه عقب مى‌افتم"
214,"پس بمأنسته","تي پس-بمانسته غذايأ فۊکۊن چيري-يان ٚ ره","باقى مانده","باقى‌مانده غذایت را براى پرنده‌ها بریز"
215,"پس ٚ پۊشت","أشانأ ببر اۊ پس ٚ پۊشت تأود","در آخرها","این‌ها را ببر در آن آخرها بینداز"
216,"پسرزأک","پسرزأکه، أن ٚ تامأ دکفه","پسربچه","پسربچه است، هوس می‌کند"
217,"پسي","أن ٚ پسي تي درزأ فأرس","بعد از","بعد از این به درس‌ات برس"
218,"پشه دام","تاوستانان أگه پشه-دام نمانه، خۊفتن نشأ","پشه‌بند","تابستان‌ها اگر پشه بند نباشد، نمى‌شود خوابید"
219,"پلکان","پلکان ٚ سر نيشتن نوأ","پله","روى پله‌ها ننشین"
220,"پيت","أمي خکاره پيتأ بؤسته","غُر","ماهیتابه ما غُر شده است"
221,"پيسخاله","ايتأ پيسخاله نمک دۊکۊن","کمی","کمی نمک بریز"
222,"پيش","دریا أمي پيش دره","جلو","دریا جلوی ماست"
223,"پيش","پيش کيسه؟","شروع کننده بازى","شروع کننده بازى چه کسى است؟"
224,"پيش دٚوٚد","مي پيش دٚوٚد کۊيأ نهأ؟","پیش‌بند","پیش‌بندم کجاست؟"
225,"پيش گب","کيتاب تۊمانأ بؤسته بمانسته أن ٚ پيش گب","مقدمه","کتاب تمام شده مقدمه‌اش مانده است"
226,"پيشأشؤ","فردأ أمي مئمانان أئيدي وا بيشيم أشان ٚ پيشاشؤ","پیشواز","فردا مهمان‌هاى ما مى‌آیند باید به پیشوازشان برویم"
227,"پيل","مي دس پيل بۊکۊده","تاول","دستم تاول زده است"
228,"پيله","ايتأ پيله سئب مرأ فأدن","بزرگ","یک سیب بزرگ به من بده"
229,"پيله مأر","ديرۊ تي پيله مأرأ بیدئم","مادربزرگ","دیروز مادربزرگت را دیدم"
230,"پيله پئر","مي پيله پئر بۊشؤ دریا","پدربزرگ","پدربزرگم به دریا رفت"
231,"پيله-سۊس","کۊرؤش پيله-سۊس ایسه","فضول","کوروش فضول است"
232,"پيلکي","هأ پيلکي رۊخان مائي نأره","بزرگى","رودخانه به این بزرگی ماهی ندارد"
233,"پينيک","تي رختان همه پينيک بزئکه","وصله","تمام لباس‌هایت وصله خورده است"
234,"پينيک-پاره","پينيک-پاره رختان تازگي داب بؤبؤسته","وصله پینه","لباس‌هاى وصله پینه جدیدا مد شده است"
235,"پيچ واپيچ","أ مؤضۊ پۊر پيچ واپيچه","پیچیده","این موضوع خیلى پیچیده است"
236,"پيچأ","پيچأ کيشکائان ٚ ره جۊخۊفته دأره","گربه","گربه برای جوجه‌ها کمین کرده است"
237,"پيچاک","پيچاک ٚ وينجي-يأ مأنه","چسبنده","مانند سقز چسبنده است"
238,"پٚل","مائيأ پٚلأ کۊدم","تکه تکه","ماهی را تکه تکه کردم"
239,"پٚلف","ايتأ پلف ٚ خرس دامان ٚ مئن بيدئم","چاق","یک خرس چاق در جنگل دیدم"
240,"پۊتار","أيأ چي فۊکۊدي؟ پۊتارأ کۊده","مورچه","این‌جا چه ریختی؟ مورچه جمع شده است"
241,"پۊتۊ","ترأ پۊتۊ دشان","پتو","پتو روی خودت بینداز"
242,"پۊر","اۊتۊبۊسانأ آدم دره پۊر","پر","اتوبوس‌ها پر از آدم است"
243,"پۊرأ کۊن","تيانأ آب دۊکۊن پۊرأ کۊن","پرکن","دیگ را آب بریز پر کن"
244,"پۊرد","آهين پۊردأ دٚواريم دئه فأرسيم","پل","از پل آهنى عبور کنیم دیگر مى‌رسیم"
245,"پۊسته ايشکنه-ئي","خؤشحالي جأ پۊسته ايشکنه-ئي","بشکن می‌زد","از خوشحالى بشکن مى‌زد"
246,"پۊشت","بۊشۊ فأندر در ٚ پۊشت کي ايسأ؟","پشت","برو نگاه کن پشت در کیست؟"
247,"پۊشتابد","تي پۊشتابدأ اۊسان بيشيم","کوله‌پشتى","کوله پشتى‌ات را بردار برویم"
248,"پۊشتين","گيلک گيلک ٚ پۊشتينه","پشتیبان","گیلک پشتیبان گیلک است"
249,"پۊل","ايپچه پۊل دأري مرأ فأدي؟","پول","کمى پول دارى به من بدهى؟"
250,"پۊلۊک","مي پرهن ٚ پۊلۊک بکفته","دکمه","دکمه پیراهنم افتاده است"
251,"تأنم","تأنم أنأ چاکۊنم","می‌توانم","می‌توانم این را درست کنم"
252,"تا به تا","تي جۊرافان چي وأسي تا به تايه؟","لنگه به لنگه","براى چه جوراب‌هایت لنگه به لنگه است؟"
253,"تا هسأ","تا هسأ کۊرم کلاچ بازي بۊکۊده-ئي؟","تا به حال","تا حالا کۊرم کلاچ بازى کرده‌اى؟"
254,"تاتایي","أن تاتایيأ مرأ اۊسه کۊن","عکس","این عکس را برای من ارسال کن"
255,"تاخت","تاختأگير بخانه","سرعت","به سرعت به خانه برو"
256,"تارانه","أن ٚ کرد ٚکار همهˈ اۊن ٚ جأ تارانه","دور می‌کند","رفتارش همه را از او دور مى‌کند"
257,"تازه","تازه-چي بۊگۊ","جدید","چیز جدیدى بگو"
258,"تازگي-يان","تازگي-یان عليأ بيدئي؟","به تازگى","به تازگى علی را دیده‌ای؟"
259,"تاشتن","مي ريشأ تاشتن درم","تراشیدن","دارم ریشم را مى‌تراشم"
260,"تالان تالاني","أ تالان تالاني دۊرۊن نان گيرانأ بؤسته","هرج و مرج","در این هرج و مرج نان گران شد"
261,"تام","تام بزن","سکوت","ساکت باش"
262,"تام","ايجۊر غذا خۊري آدم ٚ تامأ دکفه","هوس","جورى غذا مى‌خورى آدم هوس مى‌کند"
263,"تامتۊمازه","تامتۊمازه نيشته بۊ","بى سر و صدا","بى سر و صدا نشسته بود"
264,"تان","کاسپي دريا تان همه-جۊر مائي دره","عمق","در عمق دریاى کاسپین همه‌نوع ماهى وجود دارد"
265,"تاوده","آشخالانأ تاوده اۊرأ","پرتاب می‌کند","زباله‌ها را به آن طرف پرتاب می‌کند"
266,"تترج","هأتؤ تترج بنه","پشت سر هم","همین‌طور پشت سر هم بگذار"
267,"تجرۊبه","مي تجرۊبه گه أ کار آخرپس نأره","تجربه","تجربه من مى‌گوید این کار نتیجه ندارد"
268,"تر ٚ راکه","تر ٚ راکه مرأ دکفته أمي دۊمبال","شاخه نازک","با شاخه نازک ما را دنبال کرد"
269,"تر ٚ چسب","تر ٚ چسب بۊشۊ","فرز","فرز برو"
270,"ترسانه","تي گبان أمرأ ترسانه","می‌ترساند","حرف‌هایت ما را مى‌ترساند"
271,"ترکمه","أ زأى چقد ترکمه-يه؟","حرف نشنو","این بچه چه‌قدر حرف نشنو است؟"
272,"تس","أنقد بۊخۊرده تسأ بؤسته","ولو شدن بعد از پرخورى","آن‌قدر خورده ولو شده است"
273,"تسک ٚ ديل","بۊشؤم مي مأر ٚ خبرأگير تسک ٚ ديل بۊ","دلتنگ","رفتم احوال مادرم را بپرسم دلتنگ بود"
274,"تشت","تشتأ اۊسان بأور","ظرف مسی (با لبه بلند)","ظرف مسی را بردار بیاور"
275,"تشتا","مرأ تشتايه","تشنه","تشنه هستم"
276,"تفاق دکفته","منم نأنم چي تفاق دکفته دأره","اتفاق افتاده","من هم نمى‌دانم چه اتفاقى افتاده است"
277,"تفتک","أ تفتک دۊمرتبه بامؤ","مزاحم","این مزاحم دوباره آمد"
278,"تنگام","داوۊدأ ترسأ گيره أ تنگام ٚ کۊچهˈنأ دٚواره","تنگ و تاریک","داوود مى‌ترسد از این کوچه‌هاى تنگ و تاریک عبور کند"
279,"تنگر","آسمان ٚ جأ تنگر أمؤن دره","تگرگ","تگرگ از آسمان می‌بارد"
280,"ته ره","أ پرهنأ ته ره بيهين","براى خودت","این پیراهن را براى خودت بخر"
281,"تهب بسر","أمي أمبارأ جنس دره تهب بسر","لبالب","انبار ما از جنس لبالب است"
282,"تي","أن تي کاره؟","تو","این کار تو است؟"
283,"تي","من تي مرأ أيم","تو","من با تو مى‌آیم"
284,"تيان","بۊشۊ تيانأ بأور","دیگ","برو دیگ را بیاور"
285,"تيتالي","زاکان ٚ تيتالي ره کيتاب بخأنيد","سرگرمى","براى سرگرم کردن بچه‌ها کتاب بخوانید"
286,"تيج","أ چاقۊ تيج نيه","تیز","این چاقو تیز نیست"
287,"تيري پيري","مي چۊمان تيري پيري شه","سیاهی","چشم‌هایم سیاهى مى‌رود"
288,"تيريج مائي","تيريج مائي کأسپي دریا مئن زيويسته","ازون‌برون","ازون‌برون در دریای کاسپین زندگی می‌کند"
289,"تينتير","هأی مه ره تينتير أمؤئي","عشوه","مدام برایم عشوه می‌آمد"
290,"تي‌تي","سئب دار تي‌تي بۊکۊده","شکوفه","درخت سیب شکوفه کرده است"
291,"تٚلٚس","مي چۊم تلس بۊکۊد","ورم","چشمم ورم کرد"
292,"تٚمٚش","تٚمٚش مي دسأ جيجا کۊنه","خار","خار دستم را زخمى مى‌کند"
293,"تک","بزه مي تکأ","پهلو","به پهلویم زد"
294,"تک دٚوٚد","حسن تک دٚوٚده","خالى‌بند","حسن خالى‌بند است"
295,"تکام","هأچين تي سرأ تکام دأن نوأ","تکان","بیخودى سرت را تکان نده"
296,"تۊر","پاک تۊرأ بؤسته دأره","دیوانه","به کلی دیوانه شده است"
297,"تۊرتۊره","پارچهˈ همهˈ تۊرتۊره  ٰ کۊد","پاره پاره","تمام پارچه را پاره‌پاره کرد"
298,"تۊشک","خۊلي تۊشکأ فيشان","هسته","هسته آلوچه را دور بریز"
299,"تۊشکه","أ تۊشکه وا نيبه","گره","این گره باز نمی‌شود"
300,"تۊقا","من گيلان ٚ تۊقايم","عاشق","من عاشق گیلان هستم"
301,"تۊمان","مي تۊمان کؤیا نهأ؟","شلوار","شلوار من کجاست؟"
302,"تۊمان","فئلم تۊمانأ بؤسته؟","تمام","فیلم تمام شده است؟"
303,"تۊند","پۊر تۊند بۊ","تند (بداخلاق)","خیلى بداخلاق بود"
304,"تۊند","تۊند بيأ","سریع","سریع بیأ"
305,"تۊنداتۊند","تۊنداتۊند بۊشؤ","با شتاب","با شتاب رفت"
306,"تۊنگۊله","دۊتأ تۊنگۊله بزن","تلنگر","دو بار تلنگر بزن"
307,"تۊک","کيشکائانأ دۊمبالأ کۊني أشان ٚ مأر ترأ تۊک گيره","نوک","جوجه‌ها را دنبال کنى مادرشان تو را نوک مى‌گیرد"
308,"تۊک","تي تۊک خۊن أمؤن دره","لب","لب‌ات دارد خون می‌آید"
309,"تۊکاپره","سجاد ؤ أکبر تۊکاپرهˈ ديبيد","جر و بحث","فرزاد و احمد جر و بحث مى‌کردند"
310,"تۊکه","آب تۊکه کۊنه","چکه","آب چکه مى‌کند"
311,"تۊکه","ايتأ تۊکه آب مرأ فأدن","اندک","یک کم آب به من بده"
312,"جأ","نادر ٚ جأ فگيفتم","از","از نادر گرفتم"
313,"جأ","کي جأ بامؤ دأري؟","از جانب","از جانب چه کسى آمده‌اى؟"
314,"جأ","تۊ لیلا جأ بيأ","به جاى","تو به جاى لیلا بیا"
315,"جؤر","تي وسيله ٰن کابينت ٚ جؤر نهأ","بالا","وسایل‌ات بالاى کابینت است"
316,"جؤرأکش","أن تاتایيأ جؤرأکش","بارگذاری","این عکس را آپلود کن"
317,"جابجا","تا أنأ بۊگؤفتيم، جابجا بۊشؤ","سریع","تا به او گفتیم، سریع رفت"
318,"جابه","پرتخالانأ ديچين جابه دۊرۊن","جعبه","پرتقال‌ها را داخل جعبه بچین"
319,"جاجيگا","گيلان أمي جاجيگايه","جایگاه","گیلان جایگاه ما است"
320,"جخترأ دأ","هرچي أنأ بۊگؤفته-بۊمأ جخترأ دأ","فراموش کرد","هر چه به او گفته بودم را فراموش کرد"
321,"جرگه","أمي جرگه سي تا آدم-نفر دأره","گروه","گروه ما سى نفر عضو دارد"
322,"جزنه","کرأ خؤرأ جزنه أمي جرگه دۊرۊن","جا می‌کند","دارد خودش را درون گروه ما جا مى‌کند"
323,"جغله","مي جغله هف ما دأره","نوزاد","نوزاد من هفت ماه‌اش است"
324,"جندره","اۊ زناى کيسه أمرأ جندره؟","با خشم نگاه می‌کند","آن زن کیست دارد با خشم به ما نگاه مى‌کند؟"
325,"جنگستن دريم","شباند ٚ رۊز کرأ جنگستن دريم","داریم می‌جنگیم","شب و روز در حال جنگیدن هستیم"
326,"جه غرز","جه غرز نيما همه بأئيد بۊدۊرۊن","به غیر از","به غیر از نیما همه داخل شوید"
327,"جه مأر بأورده","أشان جه مأر بأورده پاچ بيد","مادرزاد","این‌ها مادرزاد کوتاه‌قد بودند"
328,"جيجا","مي دس همه جيجا بؤبؤ","زخم","تمام دستم زخم شده است"
329,"جيجاماما","خۊ وسيله ٰنأ جيجاماما کۊدن دره","پنهان کردن","دارد وسیله‌هایش را پنهان می‌کند"
330,"جير","مۊرغانه کرک ٚجير نهأ","زیر","تخم‌مرغ زیر مرغ است"
331,"جيرأکش","فئلم جيرأکش بۊبؤسته؟","بارگیری","فیلم بارگیری شده است؟"
332,"جيليسکستيم","ورف ٚ سرأ شؤن ديبيم هأ ايوار جيليسکستيم","سُر خوردیم","روى برف در حال راه رفتن بودیم ناگهان سُرخوردیم"
333,"جيميره","هر کي شاد نبه أن ٚ ديل جيميره","افسرده می‌شود","هر کس شاد نباشد دلش افسرده مى‌شود"
334,"جيويشت","هأتؤ أمرأ بيده جيويشت","در رفت","همین‌که ما را دید در رفت"
335,"جيويشت","مي بال جيويشت","در رفت (اعضای بدن)","دستم در رفت"
336,"جکشه","خؤرأ جکشه","کنار می‌کشد","خودش را کنار می‌کشد"
337,"جکفت","مي دهنأ آب جکفت","آب افتاد","دهنم آب افتاد"
338,"جۊخۊسانه","خۊ پۊلانأ فرش ٚ جير جۊخۊسانه","پنهان کرد","پول‌هایش را زیر فرش پنهان کرد"
339,"جۊخۊفت","بۊشؤ دار ٚ پۊشت جۊخۊفت","پنهان شد","رفت پشت درخت پنهان شد"
340,"جۊديکي","هؤلأ بؤستم مرأ جۊديکي بيگيفت","لکنت زبان","هول شدم و لکنت زبان گرفتم"
341,"جۊرأ بيد","زاکان کس کسه مرأ زۊد جۊرأ بيد","خو می‌گیرند","بچه‌ها زود با هم خو مى‌گیرند"
342,"جۊراف","تي جۊرافانأ دۊکۊن","جوراب","جوراب‌هایت را بپوش"
343,"جۊفت","ايتأ جۊفت کفش بهئم","جفت","یک جفت کفش خریدم"
344,"جۊل","تي سۊرخ ٚ جۊلأ قۊربان","لپ","به قربان لپ قرمزت"
345,"جۊلؤ","بۊشۊ جۊلؤ","جلو","جلو برو"
346,"جۊلف","کاسپي دريا جۊلفه","عمیق","دریاى کاسپین عمیق است"
347,"جۊمجۊمه","مرأ جۊمجۊمه اۊساد","دلشوره","دلشوره گرفتم"
348,"جۊکۊن","أ درزنأ مه ره نخ جۊکۊن","سوزن را نخ کن","این سوزن را براى من نخ کن"
349,"چأکۊنم","کرأ خانه چأکۊنم","می‌سازم","در حال ساختن خانه هستم"
350,"چأکۊنه","بۊشۊ رمضان ٚ ويجا، اۊن تأنه تي کارأ چأکۊنه","درست می‌کند","نزد رمضان برو، او مى‌تواند کار تو را درست کند"
351,"چؤ","چؤ دکفتهˈنأ باور کۊدن نوأ","شایعه","شایعه‌ها را باور نکن"
352,"چؤرنيلي","أ چؤرنيلي پرهنأ ديرۊ بيهئم","بنفش","این پیراهن بنفش را دیروز خریدم"
353,"چئل","چئل سال پيش أيأ بامؤبۊم","چهل","چهل سال قبل این‌جا آمده بودم"
354,"چا","بۊشۊ چا جأ آب واغۊش","چاه","برو از چاه آب بکش"
355,"چار","چار تا کۊئي مرأ فأدن","چهار","چهار عدد کدو به من بده"
356,"چارپاچه","چارپاچه نيشته بۊ","چهار زانو","چهار زانو نشسته بود"
357,"چارچاک","درأ چارچاک بنأ","چارطاق","در را چهارطاق گذاشت"
358,"چارکۊنج","پارچه  ٰ چارکۊنج واوين","مربع","پارچه را به شکل مربع ببر"
359,"چالٚکا","چالٚکا ميان دنکفي","چاله","داخل چاله نیفتى"
360,"چان","وحيدأ بيدئم ايتأ کيسه بج بچانأ گيفته بۊ","دوش","وحید را دیدم یک کیسه برنج بر روى دوش گرفته بود"
361,"چاپ چاپ","بۊلبۊل کرأ چاپ چاپ زنه","چهچهه","بلبل دارد چهچهه مى‌زند"
362,"چاپلا","خؤشالي جأ کرأ چاپلا زنه","کف زدن","از خوشحالى دارد کف مى‌زند"
363,"چاک","غذا بۊ هأ چاکأ پۊرأ کۊده","فضاى اطراف","بوى غذا فضای اطراف را پر کرده است"
364,"چرت ٚ چۊلا","دئه کرأ چرت ٚ چۊلا گي","مزخرف","دیگر داری مزخرف می‌گویی"
365,"چرخ","ديرۊ ايتأ چرخ بيهئم","دوچرخه","دیروز یک دوچرخه خریدم"
366,"چرخستن","الا تي تي  زيمين ٚ دؤر چرخستن دره","چرخیدن","ماه در حال چرخیدن به دور زمین است"
367,"چف","أنقد بۊخۊفتي چف بۊکۊدي","ورم","آن قدر خوابیدی ورم کردی"
368,"چفت","درأ چفتأ کۊدي؟","بستن","در را بستى؟"
369,"چفتن","سرمائي چفتن دٚوستيم","یخ بستن","از سرما یخ زدیم"
370,"چمچه","چمچه ٰ بيدئي؟","ملاقه","ملاقه را دیده‌ای؟"
371,"چنتا","تۊ چنتا آغۊز دأري؟","چند عدد","تو چند عدد گردو دارى؟"
372,"چندر","شيمي خانه چندر دۊره","چه‌قدر","خانۀ شما چه قدر دور است"
373,"چيسه","أن چيسه؟","چیست","این چیست؟"
374,"چيشتن","کرأ غذائانأ ايتأ ايتأ چيشتن درم","مزه کردن","دارم یکى یکى غذاها را مزه می‌کنم"
375,"چيچال","تي دسأ چيچال ٚ آب ٚ مرأ بۊشؤر","ولرم","دست‌هایت را با آب ولرم بشور"
376,"چيچيني","ايمرۊ ايتأ چيچيني بيدئم","گنجشک","امروز یک گنجشک دیدم"
377,"چٚسک","بۊگؤفتم مي أمرأ بيأ، بۊگؤفت چٚسک","نچ","گفتم با من بیا، گفت نچ"
378,"چٚلک","چرک","تی چٚلک ٚ پرهنأ بۊشؤر","پیراهن چرک‌ات را بشور"
379,"چک ٚ پر","سينه-آبأ نأنستي هأچين چک ٚ پر زئي","دست و پا زدن","شنا کردن بلد نبود بیهوده دست و پا مى‌زد"
380,"چۊ","خؤشک ٚ چۊ هيمه ره خؤبه","چوب","چوب خشک براى هیزم خوب است"
381,"چۊتؤ","أن چۊتؤ کار کۊنه؟","چگونه","این چگونه کار مى‌کند؟"
382,"چۊل","تي کفشأ چۊل بۊکۊدي","گل","کفش‌ات را گلى کردی"
383,"چۊله","ايتأ کيبريت چۊله مرأ فأدن","چوب کبریت","یک دانه چۊب کبریت به من بده"
384,"چۊم","مي چۊم نيدينه","چشم","چشمم نمى‌بیند"
385,"چۊم دکف","أ خانه چۊم دکف بد نيه","چشم انداز","چشم انداز این خانه بد نیست"
386,"چۊمليز","مرأ چۊمليز بيگيفته","نیشگون","من را نیشگون گرفت"
387,"حأيوان","حأيوانانأ سربسر نهأن نوأ","حیوان","حیوان‌ها را آزار و اذیت نکن"
388,"حئيقت","حئيقت گي؟","حقیقت","حقیقت را مى‌گویی؟"
389,"حق ٚ سأى","تي حق ٚ سأيأ بۊکۊن آخربسر چأکۊده به","تلاش","تلاش کن سرانجام درست مى‌شود"
390,"خألي","اۊنقد کار بۊکۊدم خألي بيس تۊمۊن مرأ فأدأ","فقط","آن قدر کار کردم فقط بیست تومان به من داد"
391,"خأندن","کيتاب خأندن درم","حواندن","دارم کتاب می‌خوانم"
392,"خأيه","کي خأيه بأيه؟","می‌خواهد","چه کسى مى‌خواهد بیاید؟"
393,"خؤرم","علي خؤرم زأکه","خوب","على بچه خوبى است"
394,"خؤرنه","أنقد خؤرنه کۊني کي خۊفتن نشأ","خروپف","آن قدر خروپف مى‌کنى که نمى‌شود خوابید"
395,"خؤره","خؤره بامؤ","خودش","خودش آمد"
396,"خؤره خؤره","مي کيف ٚ بند خؤره خؤره بؤرسفت","خود به خود","بند کیفم خود به خود پاره شد"
397,"خؤشگيل","أ گۊل چندر خؤشگيله","زیبا","این گل چه قدر زیباست"
398,"خاج","ايتأ خاج هيندانه مرأ فأدن","برشى از چیزى","یک برش هندوانه به من بده"
399,"خاخۊر","مي خاخۊر ٚ مرأ بۊشؤئيم رستۊران","خواهر","با خواهرم به رستوران رفتیم"
400,"خاخۊرزا","خاخۊرزا مي شين دانشجۊيه","خواهرزاده","خواهرزاده من دانشجو است"
401,"خاش","أ مائي پۊر خاش دأره","استخوان","این ماهى استخوان زیاد دارد"
402,"خاص ٚ بخت","حسۊد ٚ آدم خاص ٚ بخت نيبه","خوش‌بخت","آدم حسود خوش‌بخت نمى‌شود"
403,"خاطر","مرأ خاطر نأيه","یاد","یادم نمى‌آید"
404,"خاطرخا","أشان دۊتا خاطرخائي دأشتيد","عاشق","این دو نفر عاشق هم بودند"
405,"خال","بپا خالانأ نشکني","شاخه","مواظب باش شاخه‌ها را نشکنی"
406,"خاليواش","خاليواش ٚ مرأ درار چأکۊنيدي","مرزنگوش","با مرزنگوش نمک سبز درست می‌کنند"
407,"خبرأتر","چي خبرأتر؟","خبر و احوال","چه خبر و احوال؟"
408,"خبرأگير","مؤسن ديرۊ بامؤبۊ تي خبرأگير","سراغ گرفتن","محسن دیروز آمده بود و سراغ تو را می‌گرفت"
409,"خرابگي","دۊمرتبه خرابگي بۊکۊدي؟","خراب‌کارى","دوباره خراب‌کارى کردى؟"
410,"خرت ٚ خشال","اۊ خرت ٚ خشالانأ فيشأن","وسایل بى‌ارزش","آن وسایل بى‌ارزش را دور بیانداز"
411,"خسته","تۊرفانأ خسته بکأشتي","متراکم","ترب‌ها را متراکم کاشتى"
412,"خفت","مرأ خفتأ گيره","چندش","چندش‌ام می‌شود"
413,"خفت","دئه مي خفت بسر أمؤن دره","تحمل","دیگر دارد تحمل‌ام تمام مى‌شود"
414,"خفتي","خفتي آدمه","کم تحمل","آدم کم تحملى است"
415,"خفيانگي","خۊ کارانأ خفيانگي کۊنه","پنهانى","کارهایش را مخفیانه انجام مى‌دهد"
416,"خٚرٚک","أمي بجانأ خٚرٚکأ کۊده","شپشک برنج","برنج‌هاى ما را شپشک زده است"
417,"خکاره","ايتأ پيله خکاره بيهين","ماهی‌تابه","یک ماهی‌تابه بزرگ بخر"
418,"خۊ","هرکي خۊ ماشين ٚ مرأ بأيه","خودش","هرکس با ماشین خودش بیاید"
419,"خۊج","خۊج خۊري؟","گلابی وحشی","گلابی وحشی می‌خوری؟"
420,"خۊرانئن","زاکأ دوا خۊرانئن درم","خوراندن","به بچه دارو مى‌خورانم"
421,"خۊرکأ","خۊرکأ دامان ٚ مئن زيويسته","جوجه‌تیغی","جوجه‌تیغی در جنگل زندگی می‌کند"
422,"خۊس","نأمم چي ره ايمرۊ خۊس کۊنمه","سرفه","نمى‌دانم براى چه امروز سرفه مى‌کنم"
423,"خۊسانه","مهين کرأ خۊ زاکأ خۊسانه","می‌خواباند","مهین دارد بچه‌اش را مى‌خواباند"
424,"خۊسه","زأک ٚ ره لالائي بيگي زۊتر خۊسه","مى‌خوابد","براى بچه لالایى بگویى زودتر مى‌خوابد"
425,"خۊشأدم","أيأ بيأ ترأ خۊشأدم","ببوسم","این‌جا بیا تو را ببوسم"
426,"خۊشانه","أمان أشانأ وأده نيگيفته بيم، خۊشانه بامؤبيد","خودسرانه","ما آن‌ها را دعوت نکرده بودیم، خودسرانه آمده بودند"
427,"خۊشک","سلان همه خۊشکأ بؤستده","خشک","آبگیرها همه خشک شده‌اند"
428,"خۊله","گرزه بۊشؤ خۊله مئن","سوراخ","موش درون سوراخ رفت"
429,"خۊلي","خۊلي-يانأ بيچه-ئي؟","گوجه‌سبز","گوجه‌سبزها را چیدی؟"
430,"خۊمه","حجحجي أمي هره سر خۊمه بنأ","لانه","پرستو بالاى ایوان خانه ما لانه گذاشته است"
431,"خۊن ديمير","مي پا أنگۊشت خۊن ديمير بؤبؤسته","خون مرده","انگشت پای من خون مرده شده است"
432,"خۊچک","أ آشتالۊ خۊچکه","هسته جدا","این هلو هسته جدا است"
433,"دأني","دأني تي برار کؤيأ ايسأ؟","می‌دانی","می‌دانی برادرت کجا است؟"
434,"دؤجين","ته ره دؤجين بۊکۊن","انتخاب","برای خودت انتخاب کن"
435,"دؤر ٚ شر","اي نفر کرأ دؤر ٚ شر ٚ جأ أيه","دور دست","یک نفر دارد از دور دست مى‌آید"
436,"دؤرسفت","مي زيبيل ٚ تان دؤرسفت","پاره شد","کف زنبیلم پاره شد"
437,"دؤوانئن","صؤب تا هسأ مرأ دؤوانئن دره","دواندن","از صبح تا حالا دارند من را سر مى‌دواند"
438,"دؤوستن","کرأ دؤوم","دویدن","دارم مى‌دوم"
439,"دؤککؤ","دؤککؤ بۊخۊردم","تعجب","تعجب کردم"
440,"دئر","مي مٚدٚرسه دئرأ بؤ","دیر","مدرسه‌ام دیر شد"
441,"دئن","چي دئن دري؟","دیدن","چه داری می‌بینی؟"
442,"دئه","ايتأ دئه نان مرأ فأدن","دیگر","یک نان دیگر به من بده"
443,"دئه","من دئه بازي نۊکۊنم","دیگر","من دیگر بازى نمى‌کنم"
444,"داب","أن تازه دابه؟","روش","این روش جدید است؟"
445,"دار","خۊشک ٚ دار هيمه ره خؤبه","درخت","درخت خشک برای هیزم خوب است"
446,"دار","أ دارانأ کي وأوه؟","درخت","این درخت‌ها را چه‌کسی برید؟"
447,"داشت ٚ دارائي","بعضي-يان ٚ داشت ٚ دارائي-يأ ايشماردن نشأ","ثروت","ثروت بعضى‌ها را نمى‌شود شمرد"
448,"داشکا","آجۊرانأ داشکا أمرأ باور","فرغون","آحجرها را با فرغون بیاور"
449,"داغۊله باز","تۊ داغۊله بازي","جر زن","تو جرزنى"
450,"دامان","أمأن جۊمه شيم دامان","جنگل","ما جمعه به جنگل می‌رویم"
451,"داميشک","داميشک ويشتر أمرأ سر زئي","قبلن","قبلن بیشتر به ما سر مى‌زدى"
452,"دباختيم","ايمرۊ بازي-يأ دباختيم","باختیم","امروز بازى را باختیم"
453,"دتاوسته","آفتاب کؤرأ جه دتاوسته اۊتاق ٚ مئن؟","تابیده","آفتاب از کجا به داخل اتاق تابیده است؟"
454,"دخشارده","مرأ دخشارده ديفارأ","فشار داد","من را به دیوار فشار داد"
455,"درار","أمأن خیارأ درار ٚ أمرأ خۊريم","نمک سبز","ما خیار را با نمک سبز می‌خوریم"
456,"دراز ٚ راشي","ايتأ دراز ٚ راشي-يأ دٚوارستيم","جاده بلند","از یک جاده بلند عبور کردیم"
457,"درازه","درازه بدن","ادامه","ادامه بده"
458,"دربند","کارأ دربند نۊبۊ","علاقمند","به کار علاقمند نبود"
459,"درجک","اۊ درجکأ وأکۊن","پنجره","آن پنجره را باز کن"
460,"درده","أمرأ درده دأن نوأ نتأني بۊگۊ نتأنم","دق","ما را دق نده اگر نمى‌توانى بگو نمى‌توانم"
461,"درزن","بۊشۊ اۊ درزنأ مه ره بأور","سوزن","برو آن سوزن را براى من بیاور"
462,"دره","أ خۊم ٚ مئن آب دره","هست","داخل این خمره آب است"
463,"درياگۊش","بۊشؤبيم کاسپي دريا درياگۊش اۊچينيم","صدف","رفته بودیم دریاى کاسپین تا صدف جمع کنیم"
464,"دس اۊکۊف","کارگأران ٚ دس اۊکۊفأ وا فأدن","دستمزد","دستمزد کارگران را باید داد"
465,"دس بازار","أمرأ دس-بازارأ گيفتي؟","مسخره کردن","ما را مسخره مى‌کنى؟"
466,"دس بکشه","پيچأ بيده نتأنه کؤترأ بيگيره دس بکشه","بى‌خیال شد","گربه دید نمى‌تواند کبوتر را بگیرد بى‌خیال شد"
467,"دس فأرس","ميقراض مرأ دس فأرس نيه","در دسترس","قیچى در دسترس من نیست"
468,"دس پرأ گيفتن","أمرأ دس پرأ گيفتي؟","مسخره کردن","ما را مسخره مى‌کنى؟"
469,"دس ٚ تان","مي دس ٚ تان مرأ خارش کۊنه","کف دست","کف دستم مى‌خارد"
470,"دسامۊجه","أ پيچأ دسامۊجه","دست آموز است","این گربه دست‌آموز است"
471,"دسانئن","بجأ دسانئن درم","خیساندن","دارم برنج را خیس مى‌کنم"
472,"دسنماز","مي مأر بۊشؤ دسنماز بيگيره","وضو","مادرم رفته وضو بگیرد"
473,"دسکٚلا","هۊتؤ دسکٚلا زئيد أمؤن ديبيد","کف زدن","همان‌طور داشتند کف می‌زدند و می‌آمدند"
474,"دشان","زاکأ پۊتۊ دشان","بپوشان","روی بچه را با پتو بپوشان"
475,"دفراز","ترأ دفراز پۊشتي-يأ","تکیه بده","به پشتى تکیه بده"
476,"دم بتۊ","جه اۊ وخته ترأ بشناختم دم بتۊ بي","تودار","از آن موقع که تو را شناختم تودار بودى"
477,"دم بۊکۊده","هوا دم بۊکۊده","شرجى","هوا شرجى است"
478,"دمختن","گيل دمختن دري؟","لگد کردن","دارى گل لگد مى‌کنى؟"
479,"دمق","أمرأ دمقأ کۊد","خیط","ما را خیط کرد"
480,"دوا","مي دوائانأ بأور بۊخۊرم","دارو","داروهایم را بیاور بخورم"
481,"ديرۊ","هرچي خأستيم ديرۊ بيهئم","دیروز","هرچه احتیاج داشتم دیروز خریدم"
482,"ديفار","خأيم خانه دؤرأ ديفار بۊکۊنم","دیوار","مى‌خواهم دور خانه را دیوار کنم"
483,"ديل","مي ديل بشکفته","دل","دلم شکسته"
484,"ديلأ گيفتن","أ تۊنگ تي ديلأ بيگيفته؟","پسندیدن","این دستبند را پسندیدى؟"
485,"ديم","تي ديمأ بۊشؤر","صورت","صورتت را بشور"
486,"ديمه","تي آغۊزان ديمه بنن","کنار","گردوهایت را کنار بگذار"
487,"ديميريدي","هر سال دأني چن نفر کاسپي دريا ميان ديميريدي؟","غرق می‌شوند","مى‌دانى هر سال چند نفر داخل دریاى کاسپین غرق مى‌شوند؟"
488,"ديميشته","پيچأ أمرأ ديميشته","ادرار کرد","گربه روی ما ادرار کرده است"
489,"ديني-يه","نيما حيساب ٚ دۊرۊن پۊل دينه","نیست","داخل حساب نیما پول نیست"
490,"ديويست","ديويست تۊمۊن دئه پۊل نيه","دویست","دویست تومان دیگر پولی نیست"
491,"ديچئن","مريم کابينتأ ديچئن دره","مرتب کردن","مریم دارد کابینت را مرتب می‌کند"
492,"دٚوارستم","ديرۊ شيمي کۊچه ٰ دٚوارستم","عبور کردم","دیروز از کوچه شما عبور کردم"
493,"دٚوارسته","دوارسته-يأ وا بدن","گذشته","گذشته را رها کن"
494,"دٚوسته","ايرۊ أ دٚوسته دران وأبه","بسته","یک روز این درهاى بسته باز مى‌شود"
495,"دٚوٚد","کيتابأ دٚوٚد بيأ أيأ","ببند","کتاب را ببند این‌جا بیا"
496,"دٚوٚد وأود","چي-يأ دٚوٚد وأود کۊدن دري؟","بسته‌بندی","چه چیزی را دارى بسته‌بندى می‌کنی؟"
497,"دٚوٚل","هأى دٚوٚل دأئي","طفره","همه‌اش طفره مى‌رفت"
498,"دکش","مي پئر خأستي مرأ دکشأ ده","سیلى","پدرم مى‌خواست به من سیلى بزند"
499,"دکش","اۊ لافندأ دکش","محکم کن","آن طناب را محکم کن"
500,"دگرأ","چي ره دگرأ خۊري؟","تلوتلو","براى چه تلوتلو مى‌خورى؟"
501,"دۊتأ","دۊتأ أشتالۊ مرأ فأدن","دو عدد","دو عدد هلو به من بده"
502,"دۊجا بۊگۊئي","دۊجا بۊگۊئي خؤرم کار نيه","خبرچینی","خبرچینى کار خوبى نیست"
503,"دۊجۊل دۊجۊل","دۊجۊل دۊجۊل خوردن دره","دو لپى","دولپى دارد مى‌خورد"
504,"دۊخادن","کي مرأ دۊخاده؟","صدا کردن","چه کسى من را صدا زد؟"
505,"دۊرۊس","شۊمان دۊرۊس فرمائيدي","درست","شما درست مى‌فرمایید"
506,"دۊرۊسته","أنأ هأتؤ دۊرۊسته أن ٚ جأ سر بنه","کامل","این را همین‌طور کامل سر جایش بگذار"
507,"دۊرۊن","خۊ اۊتاق ٚ دۊرۊن ايسأ","داخل","داخل اتاقش است"
508,"دۊم","لانتي خۊ دۊمأ گرکه بۊکۊد","دم","مار دم‌اش را به دور خودش حلقه زد"
509,"دۊماغ","مي دۊماغ خارش کۊنه","بینى","بینى‌ام مى‌خارد"
510,"دۊمبالسر","اۊ ری کيسه أمي دۊمبالسر أمؤن دره؟","پشت سر","آن پسر کیست دارد پشت سر ما مى‌آید؟"
511,"دۊمرتبه","دۊمرتبه وأگردم بخانه","دوباره","دوباره به منزل برمی‌گردم"
512,"دۊنبۊ","پينير جا ميان پينير دۊنبۊ","نبود","پنیر داخل ظرف پنیر نبود"
513,"دۊنيا","أ زاکان دۊنيايأ چأکۊنيدي","جهان","این بچه‌ها جهان را مى‌سازند"
514,"دۊواره","دۊواره بۊگۊ","دوباره","دوباره بگو"
515,"دۊچکان","أشانأ چسب ٚ چۊ مرأ دۊچکان","بچسبان","این‌ها را با چسب چوب بچسبان"
516,"دۊکان","مأمد ٚ أمرأ بۊشۊ دۊکان","مغازه","با محمد به مغازه برو"
517,"دۊکتۊر","خأيم بشم دۊکتۊر","دکتر","مى‌خواهم به دکتر بروم"
518,"دۊکۊد","آسيه خۊ کافشينأ دۊکۊد","پوشید","آسیه کاپشن‌اش را پوشید"
519,"دۊکۊش","اۊ لامپأ دۊکۊش","خاموش کن","آن لامپ را خاموش کن"
520,"دۊکۊن","ته ره غذا دۊکۊن","بریز","برای خودت غذا بریز"
521,"رؤجا","رؤجایانأ بيدين","ستاره","ستارگان را ببین"
522,"رئک","اۊ رئکأ بيده-ئي؟","پسر","آن پسر را دیدى؟"
523,"رات","أن ٚ مۊ راته","موی صاف","موى او صاف است"
524,"راد ٚوار","رادٚوارأ وأورس","رهگذر","از رهگذر بپرس"
525,"راستأ کۊن","أ جابهˈنأ راستأکۊن بنه اۊرأ","بلند کن","این جعبه‌ها را بلند کن آن‌طرف بگذار"
526,"راشي","هأ راشي-يأ بۊشۊ","جاده","همین جاده را برو"
527,"رافا","تي رافا ايسم","منتظر","منتظر تو می‌مانم"
528,"رج","أشانأ به رجأ کۊن","ردیف","این‌ها را به ردیف کن"
529,"رخشن","أمرأ رخشنأ گيفتي؟","مسخره","ما را مسخره مى‌کنى؟"
530,"ره","أمه ره چي بأوردي؟","براى","براى ما چه آوردى؟"
531,"ريفئق","مي ريفئق ٚ مرأ شؤن درم بيرۊن","رفیق","دارم با رفیقم به بیرون می‌روم"
532,"رچ","هأ رچأ بيگير بۊشۊ","ردپا","همین ردپا را بگیر برو"
533,"رۊخان","رۊخانأ بيدئي؟","رودخانه","رودخانه را دیدی؟"
534,"رۊز","اي رۊز أيم ترأ دينم","روز","یک روز مى‌آیم تو را مى‌بینم"
535,"زئن","زاکأنأ نوأسي زئن","زدن","بچه‌ها را نباید زد"
536,"زاقۊت","زاقۊته","بسیار ترش","بسیار ترش است"
537,"زاما","تي زاما کؤيأ کار کۊنه؟","داماد","داماد تو کجا کار مى‌کند؟"
538,"زاکان","أمي زاکان دئه پيلهˈ بؤستد","بچه‌ها","بچه‌هاى ما دیگر بزرگ شدند"
539,"زرخ","زرخأ بؤسته خۊردن نشأ","تلخ","تلخ شده است نمی‌شود خورد"
540,"زرخ","مي پئر ديرۊ پۊر زرخ بۊ","عصبانی","پدرم دیروز بسیار عصبانى بود"
541,"زن برار","تي زن برار أمي أمرأ أيه","برادر زن","برادر زنت با ما مى‌آید"
542,"زن خاخۊر","مي زن خاخۊر ايران نئسأ","خواهرزن","خواهرزنم ایران نیست"
543,"زن خاخۊرزا","تي زن خاخۊرزايأ بيدئم","خواهرزاده زن","خوارزاده زنت را دیدم"
544,"زن مأر","مي زن مأر بۊشؤ خۊ خاخۊر ٚ خانه","مادرزن","مادرزنم به خانه خواهرش رفته است"
545,"زن پئر","مي زن پئر ٚ خانه هأ کۊچه دۊرۊنه","پدرزن","خانه پدرزنم داخل همین کوچه است"
546,"زنأى","أ زنأی دئه کيسه؟","زن","این زن دیگر کیست؟"
547,"زنجيل","وا ايتأ زنجيل بيهينم","زنجیر","باید یک زنجیر بخرم"
548,"زنخازي","مي برار ٚ ره بۊشؤم زنخازي","خواستگارى","براى برادرم به خواستگارى رفتم"
549,"زهار","ايوار ايوار نوأ تام زئن، وا زهار کۊدن","فریاد","گاهی اوقات نباید سکوت کرد، باید فریاد زد"
550,"زواله","أسأ زواله خاب ٚ مؤقه-يه","بعدازظهر تابستان","اکنون وقت خواب بعدازظهر تابستان است"
551,"زوان","گيلکي زوانه، لاجه نيه","زبان","گیلکى زبان است، لهجه نیست"
552,"زيويستن","أن دئه چۊجۊر زيويستنه؟","زندگى کردن","این دیگر چه نوع زندگی کردن است؟"
553,"سأکۊته","مي زاک ايتأ سأکۊته دأره","توله سگ","بچه من یک توله سگ دارد"
554,"سئخ","سئخانأ کؤيأ بنأئي؟","سیخ","سیخ‌ها را کجا گذاشتی؟"
555,"ساج","تي ساجأ چأکۊن","زلف","مویت را درست کن"
556,"ساق","أمي ناجه أن ٚ کي هميشک ساق بيبيد","سلامتى","آرزوی ما این است که همیشه سلامت باشید"
557,"سامان","کؤ سامان شؤن دريم؟","جا، مکان","به کجا مى‌رویم؟"
558,"سانچؤ","جه وس هوا سرده سانچؤ زئن درم","سینه‌پهلو","از بس هوا سرد است داریم سینه‌پهلو می‌کنم"
559,"سخت","همه-تا کاران سخته","سخت","تمام کارها سخت است"
560,"سختي أمؤن","مرأ سختي أيه بشم بيرۊن","تنبلى","تنبلى‌ام مى‌شود بیرون بروم"
561,"سر","تي وسيله ٰنأ بنه ميز ٚ سر","روى","وسایل‌ات را روی میز بگذار"
562,"سر","تۊ کي سر ايسي؟","طرفدار","تو طرفدار چه کسى هستى؟"
563,"سر ٚ کؤره","مي سر ٚ کؤره مرأ در کۊنه","شقیقه","شقیقه‌ام درد مى‌کند"
564,"سرأ جيري","أ سرأ جيري-يأ وا دٚواريم","شیب","از این شیب باید عبور کنیم"
565,"سرأ دن","مي سفارشانأ سرأ دن","ارسال کن","سفارش‌هایم را ارسال کن"
566,"سرأ دن","اۊ پيچأ زاکأ سرأدن","رها کن","آن بچه گربه را رها کن"
567,"سراکۊنأ","کيتابأ سراکۊنأ بيگيفتي","برعکس","کتاب را برعکس گرفتى"
568,"سربس","تي سربسأ بۊگۊ","منبع","منبع‌ات را بگو"
569,"سربسر","مرأ سربسر نهأن نوأ","اذیت","من را اذیت نکن"
570,"سربسر","هۊتؤ سربسر بنه","روى هم","همان‌طور روى هم بگذار"
571,"سرد ٚ وا","سرد ٚ وا دمه","باد سرد","باد سرد می‌دمد"
572,"سردأ کۊده","هوا سردأ کۊده","سرد شده است","هوا سرد شده است"
573,"سردي","بۊشۊ سردي-يأ بأور","نردبان","برو نردبان را بیاور"
574,"سرفۊکؤ","هأى أمرأ سرفۊکؤ زنه","سرکوفت","مدام به ما سرکوفت مى‌زند"
575,"سرگمجي","زأکأن ٚ سرگمجي ره، أشانه کيتاب بخأنيد","سرگرم کردن","برای سرگرم کردن بچه‌ها، برای آن‌ها کتاب بخوانید"
576,"سس","تي پلا چي ره سسه؟","بى‌نمک","براى چه پلوى تو بى‌نمک است؟"
577,"سفيان","سفيان بۊکۊدم","وحشت","وحشت کردم"
578,"سلامال","مي سلاماله","هم سن","هم سن من است"
579,"سه لنگه","اۊ سه لنگه-يأ بأور","سه پایه","آن سه پایه را بیاور"
580,"سيا","مي سيا تۊمانأ بيدئي؟","سیاه","شلوار سیاه من را دیده‌ای؟"
581,"سيبيشکا","سيبيشکا خۊري؟","تخمه آفتابگردان","تخمه آفتابگردان می‌خوری؟"
582,"سيفيد","اۊ سيفيد ٚ کفشأ خأيم","سفید","آن کفش سفید را مى‌خواهم"
583,"سيوا","أشانأ سيوا بنه","جدا","این‌ها را جدا بگذار"
584,"سٚبٚج","تي سرأ سٚبٚجأ کۊده؟","شپش","سرت شپش کرده است؟"
585,"سٚفره","سٚفره  ٰ بۊشؤستم","سفره","سفره را شستم"
586,"سٚند","تي سٚند چقده؟","سن","سن‌ات چه‌قدر است؟"
587,"سٚودا","خليل بۊشؤ بازار سٚودا بۊکۊنه","معامله","خلیل به بازار رفت تا معامله کند"
588,"سک","سکان پيچائان ٚ وأسي لاب کۊديد","سگ","سگ‌ها به خاطر گربه‌ها پارس مى‌کردند"
589,"سۊ","بۊخاري سۊ زياده","شعله","شعله بخاری زیاد است"
590,"سۊ","الا تي تي سۊ کۊنه","روشنایى","ماه روشنایی می‌دهد"
591,"سۊبۊل","أ سأکۊته-یأ سۊبۊلأ کۊده","کک","این توله سگ کک دارد"
592,"سۊبۊک","أ کفش چندر سۊبۊکه","سبک","این کفش چه قدر سبک است"
593,"سۊج","مي گۊلي مرأ سۊج کۊنه","سوزش","گلویم می‌سوزد"
594,"سۊج","هوا سۊج دأره","سوز","هوا سوز دارد"
595,"سۊرخ","أ سۊرخ ٚ پرهنأ دۊکۊن","قرمز","این پیراهن قرمز را بپوش"
596,"سۊستي","سۊستي کۊدن نوأ","تنبلى","تنبلى نکن"
597,"سۊفته","تا هسأ سۊفته نۊکۊديم","دشت","تا حالا دشت نکردیم"
598,"سۊماپالان","کابينت ٚ جأ سۊماپالانأ مرأ فأدن","آبکش","از داخل کابینت آبکش را به من بده"
599,"سۊک","سردي-يأ سۊک بني کفه","عمودی","نردبان را عمودی بگذارى مى‌افتد"
600,"سۊکۊله","سۊکۊله کۊکۊره کۊ کۊدن دره","خروس","خروس قوقولی قوقو می‌کند"
601,"سۊکۊنج","سۊکۊنج سۊتأ کۊنج دره","مثلث","مثلث سه تا زاویه دارد"
602,"شأ","چي شأ کۊدن؟","مى‌شود","چه مى‌شود کرد؟"
603,"شأل","شأل دۊتا أمي کرکانأ ببرد","شغال","شغال دو عدد از مرغ‌های ما را برد"
604,"شؤت","اۊ شؤتأ مرأ فأدن","فرچه","آن فرچه را به من بده"
605,"شؤن","شؤن ٚ مؤقه مرأ دۊخان","رفتن","هنگام رفتن صدایم کن"
606,"شؤن أمؤن","أمي شؤن أمؤن خۊ جأ سر مأنه","رفت و آمد","رفت و آمد ما برقرار مى‌ماند"
607,"شب","شب دکفته","شب","شب شده"
608,"شباند ٚرۊز","نؤرۊزبل ٚ ره شباند ٚرۊز بيداريم","شب و روز","برای نوروزبل شب و روز بیدار هستیم"
609,"شل","چي ره شل شلکأ را شي؟","لنگ","براى چه لنگان لنگان راه مى‌روى؟"
610,"شلار","هأی خۊ گبأ شلار دأئي","کش دادن","مدام حرف‌اش را کش مى‌داد"
611,"شلخت","ايتأ پيله شلخت بيهئم","غاز","یک غاز بزرگ خریدم"
612,"شلله","مي پلا شلله بؤبؤ","خمیر شدن پلو","پلوى من خمیر شد"
613,"شه","أيأ چقد گرمه، شه بزم","عرق","این‌جا چه‌قدر گرم است، عرق زدم"
614,"شواله","تش شواله کشه","شعله","آتش شعله مى‌کشد"
615,"شيب","شيب بزن","سوت","سوت بزن"
616,"شيش","أمان شيش نفر بيم","شش","ما شش نفر بودیم"
617,"شيمي","اۊى سفر أمان بامؤئيم أى سفر شيمي نؤبه-يه","شما","دفعه پیش ما آمدیم این بار نوبت شماست"
618,"شکمدار","شکمدار ٚ زناکانأ مأنه","حامله","مانند زن‌هاى حامله است"
619,"شۊتۊر","شۊتۊر بيابان ٚ مئن زيويسته","شتر","شتر در بیابان زندگی می‌کند"
620,"شۊرۊم","شۊرۊم بيگيفته","مه","مه گرفته است"
621,"شۊماره","سيرۊس قايقران ٚ شۊماره ۹ بۊ","شماره","شماره سیروس قایقران ۹ بود"
622,"شۊمان","شۊمان بيشيد","شما","شما بروید"
623,"صؤب","من صؤبان زۊد شم کار ٚ سر","صبح","من صبح‌ها زود به سر کار مى‌روم"
624,"صبر","صبر بزه","عطسه","عطسه کرد"
625,"صۊندؤق","صۊندؤق ٚ دۊرۊن بنأم","صندوق","داخل صندق گذاشتم"
626,"عأيدبيني","ايمسال کؤرؤنا وأسي عأيدبيني نأريم","عید دیدنى","امسال به خاطر کرونا عید دیدنى نداریم"
627,"عأينک","مي عأينکأ بيدئي؟","عینک","عینک من را دیده‌ای؟"
628,"عار ؤ مۊر","أن ٚ عار ؤ مۊر بشکفته","غرور","غرورش شکست"
629,"عارنامۊس","أمي مرأ عارنامۊسي دأره","رودربایستى","با ما رودربایستى دارد"
630,"عسکي","کي عسکي بزه؟","عطسه","چه کسى عطسه کرد؟"
631,"عم پسرزا","تي عم پسر زأکه؟","بچه پسرعمه","بچهٔ پسرعمه‌ات است؟"
632,"عمجان","ديرۊ بۊشؤم مي عمجان ٚ خانه","عمه","دیروز به خانه عمه‌ام رفتم"
633,"عمجان دؤختر","فردأ مي عمجان دؤختر ٚ خانه ايسائيم","دخترعمه","فردا خانهٔ دخترعمه‌ام هستیم"
634,"عمجان پسر","مي عمجان پسر رشت ايسأ","پسرعمه","پسرعمه‌ام در رشت است"
635,"عنقص","أن ٚ کاران عنقص نيه","از روى عمد","کارهایش از روى عمد نیست"
636,"عوض","أن همه پۊل فأدأئي اۊن ٚ عوض چي فأگيفتي؟","به جاى","این همه پول دادى به جاى آن چه گرفتى؟"
637,"عوض دکش","أمي پرهنانأ عوض دکش بۊکۊديم","معاوضه","پیراهن‌هایمان را معاوضه کردیم"
638,"عيلاج","حسودي-يأ هيچ عيلاج نيه","مداوا","حسادت اصلن مداوا نمی‌شود"
639,"عيلاوه","ايتأ دئه عيلاوهˈ کۊن","اضافه","یکى دیگر اضافه کن"
640,"غۊرصه","غۊرصه خۊردن نوأ","غصه","غصه نخور"
641,"فأدأ","ترأ چي فأدأ؟","داد","به تو چه داد؟"
642,"فأده","تي نظر أمي پۊلأ فأده؟","می‌دهد","به نظرت پول ما را مى‌دهد؟"
643,"فأرسه","شانس بأوردم ماسۊ مرأ فأرسه","کمک کرد","شانس آوردم ماسو به کمک من آمد"
644,"فأمستن","أ مؤضۊ فأمستن أنقد سخته؟","فهمیدن","فهمیدن این موضوع این‌قدر سخت است؟"
645,"فأندر","مرأ فأندر","نگاه کن","به من نگاه کن"
646,"فأکش","أ لافندأ فأکش","بکش","این طناب را بکش"
647,"فأکش","دئه مي کله فأکش نأره","کشش","ذهنم دیگر کشش ندارد"
648,"فأکش","من گم وا بدن هأى فأکش دأن دره","ادامه","من مى‌گویم بس کن مدام دارد ادامه مى‌دهد"
649,"فؤقا","آهينأ  فؤقا گيل ٚ دۊرۊن","فرو کن","آهن را در گل فرو کن"
650,"فئلم","أ فئلمأ بيدئي؟","فیلم","این فیلم را دیده‌ای؟"
651,"فادار","بۊشۊ تي زاکأ فادار","سرپا بگیر","برو بچه‌ات را سرپا بگیر"
652,"فارسانه","بؤشؤ مأمدأ فارسانه","رساند","رفت محمد را برساند"
653,"فاش","فاش دأن دره","فحش","دارد فحش می‌دهد"
654,"فال","أ پرهن ته ره فاله","گشاد","این پیراهن برای تو گشاد است"
655,"فاکشيم","بيأ أ ميزأ فأکشيم ببريم اۊرأ","بکشیم","بیا این میز را بکشیم ببریم آن طرف"
656,"فترات","أشان دئه فترات کاشتن دريد","بیداد","این‌ها دیگر دارند بیداد می‌کنند"
657,"فته کۊدن","دئه أمرأ فته کۊدن دره","به تنگ آوردن","دیگر دارد ما را به تنگ می‌آورد"
658,"فجه","أيأ چي فجه؟","ریخته","این‌جا چه ریخته است؟"
659,"فرخ","أن اۊن ٚ مرأ فرخ کۊنه","تفاوت","این با آن تفاوت دارد"
660,"فسفاله","چائي فسفالهˈ فيشان","تفاله","تفاله چاى را دور بریز"
661,"فسک","مي فسکأ بۊرۊز ندي","راز","راز من را فاش نکنى"
662,"ففه","ففه خۊري؟","جگر سفید","جگر سفید می‌خوری؟"
663,"فلنگي","چي ره فلنگي؟","می‌لنگی","براى چه مى‌لنگی؟"
664,"فلگان","سٚفره  ٰ فلگان","بتکان","سفره را بتکان"
665,"فيت","أمرأ فيت دأن دره","تحریک","دارد ما را تحریک مى‌کند"
666,"فيريني","فيريني خۊري؟","فرنی","فرنی می‌خوری؟"
667,"فيشان","مۊس بۊکۊده نانأ فيشان","دور بریز","نان کپک زده را دور بریز"
668,"فيللي","فيللي تاودن خيابان ٚ دۊرۊن خؤرم کار نيه","آب دهان","آب دهان انداختن در خیابان کار خوبى نیست"
669,"فينگي","چي ره فينگي-يان ٚ مأنستن گب زني؟","تو دماغى","براى چه مانند تو دماغى‌ها حرف مى‌زنى؟"
670,"فيچال","فيچال أن ٚ آبأ بيگير","بچلان","بچلان آبش را بگیر"
671,"فچم","أمأن بجار ٚ مئن فچم کار کۊنيم","خمیده","ما خمیده در مزرعه برنج کار می‌کنیم"
672,"فک","فک بأورده","بدبیارى","بدبیارى آورد"
673,"فگيفتم","ايمرۊ حۊقۊق فگيفتم","گرفتم","امروز حقوق گرفتم"
674,"فۊ","فۊ بزن سردأ به بزين بۊخۊر","فوت","فوت کن سرد شود بعد بخور"
675,"فۊبرده","تا کيکأ بأورديم فۊبرده","بلعید","به محض این که کیک را آوریم بلعید"
676,"فۊتۊرکسته","شال أمي کرکانأ فۊتۊرکسته","حمله کرد","شغال به مرغ‌هاى ما حمله کرد"
677,"فۊداشتن","کي بۊ فۊداشته؟","شلیک کردن","چه کسى بود که شلیک کرد؟"
678,"فۊرانه","أن ٚ کاران همهˈ فۊرانه","دور می‌کند","کارهاى او همه را دور مى‌کند"
679,"فۊندؤق","چنتا فۊندؤق دأري؟","فندق","چند عدد فندق داری؟"
680,"فۊچين","تي چۊمانأ فۊچين بۊخۊس","چشم‌ها را ببند","چشم‌هایت را ببند بخواب"
681,"فۊکۊده","شيرأ فۊکۊده فرش ٚ سر","ریخت","شیر را روى فرش ریخت"
682,"فۊکۊن فيشان","أيأ هميشک فۊکۊن فيشانه","ریخت و پاش","این‌جا همیشه ریخت و پاش است"
683,"فۊگۊردسته","فۊگۊردسته خۊفته","روى شکم خوابیدن","روى شکم خوابیده است"
684,"فۊگۊردسته","أمي خانه ديفار فۊگۊردسته","واژگون شد","دیوار خانه ما واژگون شد"
685,"قؤوت","أن ٚ دسأ قؤوت دينه","توان","دستش توان ندارد"
686,"قاتؤق","ايپچه قاتؤق دۊکۊن کاسه مئن","خورش","کمى خورش در کاسه بریز"
687,"قار","مي مرأ قاره","قهر","با من قهر است"
688,"قاق","خبرأ کي بيشتاوستيم قاقأ بؤستيم","حیران","خبر را که شنیدیم حیران شدیم"
689,"قاينا","بيلاخره بتأنستم اۊنأ قاينا بۊکۊنم","متقاعد","بالاخره توانستم آن را متقاعد کنم"
690,"قيش","مي قيشأ بيدئي؟","کمربند","کمربندم را دیده‌ای؟"
691,"قٚزٚنج","ايپچه پۊل قٚزٚنج بۊکۊدم","پس انداز","کمى پول پس انداز کردم"
692,"قۊشمه مۊ","بۊشۊ تي قۊشمه مۊيأ چأکۊن","آشفته مو","برو موهاى آشفته‌ات را درست کن"
693,"کأشکأرأت","ايتأ کأشکأرأت دار ٚ جؤر نیشته","زاغ","یک زاغ بالای درخت نشسته است"
694,"کؤتر","کؤترانأ سرأدن","کبوتر","کبوترها را رها کن"
695,"کؤر","اۊ کؤرأ فأندر","دختر","آن دختر را نگاه کن"
696,"کؤرأ","کؤرأ بيشيم؟","کدام طرف","کدام طرف برویم؟"
697,"کؤل","بنأ خۊ کؤل ٚ سر","شانه","روی شانه‌اش گذاشت"
698,"کؤل","أ چاقۊ کؤله","کند","این چاقو کند است"
699,"کؤيأ","مي شارژر کؤيأ نهأ؟","کجا","شارژر من کجا است؟"
700,"کؤيتأ","کؤيتأ دسکش تي شين ايسه؟","کدام یک","کدام دستکش مال تو است؟"
701,"کؤيدانه","کؤيدانه-يأ گي؟","کدام یک","کدام یک را مى‌گویى؟"
702,"کئخۊدامردي","تي کئخۊدامردي ته ره بدر خۊره","داورى","داورى‌ات به درد خودت مى‌خورد"
703,"کئن کئن","کئن کئن دأشتي أکه أئي","این پا آن پا کردن","این پا آن پا مى‌کرد که چه زمان مى‌آیى"
704,"کئواني","مي پيله مآر ايتأ کئواني-يه","کدبانو","مادربزرگ من یک کدبانو است"
705,"کاباسي","کاباسي بأورديم","نحسی","دچار نحسی شدیم"
706,"کاس","تي کاس ٚ چۊمأ خۊش دأرم","آبی","چشم‌های آبی‌ات را دوست دارم"
707,"کال","أ به کاله","نارس","این به نارس است"
708,"کاکا","ايپچه کاکا چأکۊن بۊخۊريم","پنکیک","کمی پنکیک درست کن بخوریم"
709,"کخ","أ شامپؤ کخ نۊکۊنه","کف","این شامپو کف نمی‌کند"
710,"کرأ","کرأ شم","همین الان","همین الان می‌روم"
711,"کرد ٚکار","تي کرد ٚ کارأ چأکۊن","رفتار","رفتارت را درست کن"
712,"کرچ","پۊر کرچه","ترد","خیلی ترد است"
713,"کرک","کرکان کتکتاس کۊنيدي","مرغ","مرغ‌ها قدقد می‌کنند"
714,"کش","اۊن کيسه اۊ کش نيشته؟","گوشه","آن کیست آن گوشه نشسته است؟"
715,"کشه","بيأ مي کشه","آغوش","در آغوش من بیا"
716,"کشک","دۊمرتبه کشکأ بؤستي؟","لوس","دوباره لوس شدى؟"
717,"کفته","تي ميداد زيمين ٚ سر کفته","افتاده است","مداد تو روى زمین افتاده است"
718,"کل","أ مردأی کله","کچل","این مرد کچل است"
719,"کلانه","بۊشۊ اۊ کلانه ٰ بأور","منقل","برو آن منقل را بیاور"
720,"کلاچ","کلاچ پینیرأ اۊساد","کلاغ","کلاغ پنیر را برداشت"
721,"کلاچ ملاچي","أميرحۊسئن ايتأ کلاچ ملاچي پرهن دۊکۊده بۊ","سیاه و سفید","امیرحسین یک پیراهن سیاه و سفید پوشیده بود"
722,"کلماجين","أ سئب کلماجينه","کرم‌خورده","این سیب کرم‌خورده است"
723,"کله","بۊشۊ کله ٰ وأگيران","اجاق","برو اجاق را روشن کن"
724,"کي","کي تأنه مي مرأ بأيه؟","چه کسى","چه کسى مى‌تواند با من بیاید؟"
725,"کي","أتؤ نيه کي...","که","اینطور نیست که..."
726,"کيتاب","أ کيتاب مي شينه","کتاب","این کتاب مال من است"
727,"کيس","مي رختان کيس بۊخۊرده","چروک لباس","لباس‌هایم چروک شده است"
728,"کيشؤ","میداد کيشؤ دۊرۊن ننأبۊ","کشو","مداد داخل کشو نبود"
729,"کيشکا","کيشکائان مۊرغانه جأ بيرۊن أیيد","جوجه","جوجه‌ها از تخم بیرون می‌آیند"
730,"کٚتٚل","بۊشۊ ايتأ کٚتٚل مه ره بأور بينيشينم","چهارپایه کوچک","برو یک چهارپایه کوچک برایم بیاور بنشینم"
731,"کٚوار","أمأن کٚوار ٚ أمرأ غذا چأکۊنیم","تره","ما با تره غذا درست می‌کنیم"
732,"کٚکٚج","سبزي-يان ٚ دۊرۊن کٚکٚج مرأ ويشتر خۊش أيه","شاهی","میان سبزی‌ها شاهی را بیشتر دوس دارم"
733,"کۊ","بیأ بيشيم کۊ","کوه","بیا به کوه برویم"
734,"کۊجدانه","مي کۊجدانه برارأ بيدئي؟","کوچک","برادر کوچک من را دیده‌ای؟"
735,"کۊدن","چي کۊدن دري؟","انجام دادن","چه کارى داری انجام مى‌دهى؟"
736,"کۊر ٚ قۊقۊ","کۊر ٚ قۊقۊيأ فأندر","جغد","جغد را نگاه کن"
737,"کۊرش","مي غذا کۊرشأ بؤ","جزغاله","غذایم جزغاله شد"
738,"کۊشتن","پۊتارانأ کۊشتن نوأئيد","کشتن","مورچه‌ها را نکشید"
739,"کۊلک","کاموا کۊلکأ بؤسته","درهم","کاموا درهم شده است"
740,"کۊمۊش","کۊمۊشأ فأندر","لاک‌پشت","لاک‌پشت را نگاه کن"
741,"کۊناکۊنا","کۊچه دوسته بۊ کۊناکۊنا وأگردستيم","عقب‌عقب","کوچه بسته بود عقب‌عقب برگشتیم"
742,"کۊنه","أ دارأ کۊنه سخته","ریشه","ریشه این درخت قوی است"
743,"کۊنه مۊنه","کۊنه مۊنه کۊدن نوأ","تردید","تردید نکن"
744,"کۊنۊس","کۊنۊس خأیي؟","ازگیل","ازگیل می‌خواهی؟"
745,"کۊکلا","کۊکلا ديچئن دره","توطئه","دارد توطئه مى‌کند"
746,"گؤرخانه","ايمرۊ گؤرخانه وارش بۊ","رعد","امروز باران با رعد بود"
747,"گؤزکا","گؤزکايأ بيده-ئي؟","قۊرباغه","قورباغه را دیدی؟"
748,"گئسه","خۊ مۊئانأ گئسه کۊنه","بافتن مو","موهایش را می‌بافد"
749,"گاب","رجب خۊ گابأ فۊرؤختن دره","گاو","رجب دارد گاوش را می‌فروشد"
750,"گاره","جغله ٰ ببر گاره دۊرۊن بۊخۊسان","گهواره","نوزاد را ببر در گهواره بخوابان"
751,"گاز","مي گاز مرأ در کۊنه","دندان","دندانم درد مى‌کند"
752,"گاز ايشکره","ديشب خۊفته-بي گاز ايشکره کۊدي","ساییدن دندان‌ها به هم","دیشب خواب بودی دندان‌هایت را به هم مى‌ساییدى"
753,"گاچ","تي پا گاچه مگه؟","پاى ناراست","مگر پاى تو ناراست است؟"
754,"گاگٚلٚف","گاگٚلٚف أرأ دٚوار کۊنم","بعضی اوقات","بعضی اوقات از این طرف عبور مى‌کنم"
755,"گب","أ گب کي گؤفتن درم اۊرارسالان ٚ شينه","سخن","این سخن که دارم مى‌گویم براى سال‌هاى دور است"
756,"گب","مي أمرأ گب بزن","سخن","با من سخن بگو"
757,"گب جکشه","بۊزۊر خأستي مي جا گب جکشه","حرف بکشد","به اجبار مى‌خواست از من حرف بکشد"
758,"گب خبربر","گب خبربر ٚ أمرأ گب زئن نوأ","خبرچین","با خبرچین حرف نزن"
759,"گب گب ٚ سر","گب گب ٚ سر بأورده","حرف تو حرف","حرف تو حرف آورد"
760,"گرا دن","گرا دن بأيه","سُر بده","سر بده بیاید"
761,"گراپئت","گراپئتأ بيدين","کج و کوله","آن کج و کوله را ببین"
762,"گرد ٚ گيج","بيشيم لایجؤن گرد ٚ گيج بزنيم","گشت و گذار","برویم لاهیجان گشت و گذار کنیم"
763,"گرد ٚکله","أمي گرد ٚ کلهˈ لاف دکفته","دورهمی","دورهمى ما به‌هم خورد"
764,"گردستن","هرأ گردستن ديبيم","قدم زدن","همین اطراف قدم مى‌زدیم"
765,"گردن پسه","مي گردن پسه-يأ جۊش بزه","پشت گردن","پشت گردنم جوش زده است"
766,"گرديم","هرأ گرديم","قدم می‌زنیم","همین‌اطراف قدم می‌زنیم"
767,"گرزه","گرزه خۊراک آغۊزه","موش","غذای موش گردو است"
768,"گرزک","گرزک مرأ بگشته","زنبور","زنبور من را نیش زد"
769,"گرمش","گرمش أمؤن دره","باد گرم","دارد باد گرم مى‌آید"
770,"گرگر","زاکان ٚ گرگر ونأشته بۊخۊسم","سر و صدا","سر و صداى بچه‌ها اجازه نداد بخوابم"
771,"گلاس","درجکأ گلاس بۊم","خیره","به پنجره خیره بودم"
772,"گمج","گمج ٚ مئن آغۊز قاتؤق چأکۊن","گمج","در گمج فسنجان درست کن"
773,"گه","خؤره گه","می‌گوید","از جانب خودش می‌گوید"
774,"گيج گيجي","مرأ گيج گيجي دأن نوأ","قلقلک","من را قلقلک نده"
775,"گيرينجي","گيرينجي مۊ مرأ خۊش أيه","موى فر","از موى فر خوشم مى‌آید"
776,"گٚزٚر","گزر ٚ آب چۊم ٚ ره خؤبه","هویج","آب هویج برای چشم خوب است"
777,"گٚل","ميرزا کۊچي خان ايتأ پيله گٚل بۊ","شخصیت","میرزا کوچک خان یک شخصیت بزرگ بود"
778,"گٚلٚف","گٚلٚف بينيشينيد","با فاصله","با فاصله بنشینید"
779,"گۊد","مي مرد ٚ گۊدان ديرۊ بامؤبيد أمي خانه","خانواده","دیروز خانواده شوهرم به خانه ما آمده بودند"
780,"گۊده","خۊ رختانأ گۊده بۊکۊد","قلمبه","لباس‌هایش را قلمبه کرد"
781,"گۊزارش","ايمشب وا مي گۊزارشأ تۊمانأ کۊنم","گزارش","امشب باید گزارشم را تمام کنم"
782,"گۊش ٚ کۊن","مي گۊش ٚ کۊن بۊگؤفته","دم گوش","دم گوشم گفت"
783,"گۊل","أ گۊلأ ته ره بيهئم","گل","این گل را برای تو خریدم"
784,"گۊلاز","أمي گۊلاز أن ٚ کي گيلکيم","افتخار","افتخار ما این است که گیلک هستیم"
785,"گۊلدان","مي گۊلدان بشکفته","گلدان","گلدانم شکست"
786,"گۊلي","مي گۊلي مرأ در کۊنه","گلو","گلویم درد می‌کند"
787,"گۊمار","گۊمار ٚ پۊشت جۊخۊفت","بوته‌های خار","پشت بوته‌های خار پنهان شد"
788,"گۊمگۊمه","مي گۊش ٚ کۊن گۊمگۊمه کۊدي","پچ پچ","دم گوشم پچ‌پچ مى‌کرد"
789,"لؤجنک","بۊشۊ لؤجنکأ دود پيچأ نأيه بۊدۊرۊن","دریچه پشت‌بام","برو دریچه پشت‌بام را ببند گربه داخل نیاید"
790,"لؤفٚت","تي پا سر بئس هي کس ٚ لؤفٚتأ کشئن نوأ","منت","روى پاى خودت بایست منت کسى را نکش"
791,"لا","أ کاغذأ بنه تي دفتر ٚ لا","بین دو چیز","این کاغذ را میان دفترت بگذار"
792,"لا","هرچي زأمت بکشه-بيمأ لا بۊکۊد","تباه","تمام زحمت‌هاى ما را تباه کرد"
793,"لابدان","لابدانأ‌ بيگير","عنکبوت","عنکبوت را بگیر"
794,"لار","أ تۊرف لاره","پوک","این ترب پوک است"
795,"لافند","لافندأ کؤيأ بنأئي؟","طناب","طناب را کجا گذاشتی؟"
796,"لانتي","أ لانتيأ بيدين","مار","این مار را ببین"
797,"لانتۊز","چي ره لانتۊز تأوده؟","جفتک","برای چه جفتک می‌اندازد؟"
798,"لته","اۊ لته ٰ مرأ فأدن ميزأ پأکۊنم","دستمال","آن دستمال را به من بده میز را تمیز کنم"
799,"لس","غذا خۊردن ٚ پسي آدم لسأ به","شل و وارفته","آدم بعد از غذا خوردن شل مى‌شود"
800,"لقد دمج","گۊلانأ لقد دمج نوا کۊدن","لگدمال","گل‌ها را لگدمال نکن"
801,"لپه","لپه ٰ تأود","توپ","توپ را پرتاب کن"
802,"لچه","چیچینی دار ٚ لچه نیشته","فراز","گنجشک بر فراز درخت نشسته است"
803,"لۊاس","لۊاس دامان ٚ مئن زيويسته","روباه","روباه در جنگل زندگی می‌کند"
804,"لۊچ","لۊچي مگه؟","چپ چشم","مگر چشم‌ات چپ است؟"
805,"لۊچان","أمرأ لۊچان زنه","پشت چشم نازک کردن","براى ما پشت چشم نازم مى‌کند"
806,"مأر","مي مأر بۊشؤ کار ٚ سر","مادر","مادر من به سر کار رفته است"
807,"مأر ٚ مرد","بعضي-تأ زأکان مأر ٚ مرد دأريدي","ناپدرى","بعضى از بچه‌ها ناپدرى دارند"
808,"مأنستن","خۊ پئر ٚ مأنستن گب زنه","مانند","مانند پدرش صحبت مى‌کند"
809,"مئخ","بچمسته مئخانأ فيشان","میخ","میخ‌های خم‌شده را دور بریز"
810,"مئوه","مئوه ٰنأ بۊشؤستي؟","میوه","میوه‌ها را شستی؟"
811,"ما","ايتأ ما بدن","بوسه","یک بوسه بده"
812,"ما","أ ما وا بشم مۊسافرت","ماه","این ماه باید به مسافرت بروم"
813,"مائي","أکبر دۊتا سيفيد مائي بيهه-بۊ","ماهی","اکبر دو عدد ماهی سفید خریده بود"
814,"مات","چي ره ماتأ زئي؟","حیران","برای چه حیران شدی؟"
815,"ماتؤر","مي ماتؤر رؤشنأ نيبه","موتور","موتورم روشن نمی‌شود"
816,"ماده","مي ماده مرأ در کۊنه","معده","معده‌ام درد می‌کند"
817,"ماز","اۊ مازأ مرأ وأسينم مي کفشأ","واکس","آن واکس را بده به کفش‌ام بمالم"
818,"مازۊ","مي مازۊ در کۊنه","ستون فقرات","ستون فقراتم درد می‌کند"
819,"ماسکأ","ماسکأ بازي-يأ تۊمانأ کۊن","مسخره","مسخره‌بازى را تمام کن"
820,"ماشل","مي مأر ٚ مرأ شؤن دريم مي ماشل ٚ خانه","خاله","با مادرم به خانه خاله‌ام مى‌رویم"
821,"ماشه","اۊ ماشه-يأ مرأ فأدن","انبر فلزی","آن انبر فلزی را به من بده"
822,"ماشک","ماشکأ تأود","تور ماهی‌گیری","تور ماهی‌گیری را بیانداز"
823,"ماقؤل","ماقؤل بۊگؤفتم","چه خوب شد که...","چه خوب شد که گفتم"
824,"مالا","مي پئر مالايه","ماهى‌گیر","پدرم ماهى‌گیر است"
825,"ماندگي گيفتن","بدأ ايپچه ماندگي بيگيرم","خستگى در کردن","اجازه بده کمى خستگى در کنم"
826,"ماچي","ايتأ ماچي مرأ ديهي؟","بوسه","یک بوسه به من مى‌دهى؟"
827,"مترس","باغ ٚ مترسه","مترسک","مترسک باغ است"
828,"مته","مته نهأن نوأ","مزاحمت","مزاحمت ایجاد نکن"
829,"مجاز","مي مجاز نبره","مزاج","با مزاج من سازگار نیست"
830,"مدار","هأ مدار بۊشۊ جۊلؤ","روش","به همین روش جلو برو"
831,"مرأ","مرأ بۊگۊ چي خأئي؟","به من","به من بگو چه مى‌خواهى؟"
832,"مراغ","آدمأ مراغأ گيره","چندش","آدم چندش‌اش مى‌شود"
833,"مرجانه","أ کارتانأ مرجانه فگيفتم","رایگان","این کارت‌ها را رایگان گرفتم"
834,"مرد ٚ خاخۊرزا","مي مرد ٚ خاخۊرزا أمي خانه ايسأ","خواهرزاده شوهر","خواهرزاده شوهرم خانه ما است"
835,"مرد ٚ برار","مي مرد ٚ برار ٚ خانه هأ کۊچه دۊرۊنه","برادر شوهر","خانه برادر شوهرم داخل همین کوچه است"
836,"مرد ٚ برار زن","تي مرد ٚ برار زنأ بيدئم","زن برادر شوهر","زن برادر شوهرت را دیدم"
837,"مرد ٚ خاخۊر","مي مرد ٚ خاخۊر بۊشؤ خارج","خواهر شوهر","خواهر شوهرم به خارج رفته است"
838,"مردأى","أ مردأى ديرۊز بامؤ","مرد","این مرد دیروز آمد"
839,"مردۊم","مردۊم همه بامؤبيد","مردم","همه مردم آمده بودند"
840,"مضرت","أنقد کي مضرتي تي جان همه جيجايه","شرور","آن‌قدر که شرور هستى تمام بدن‌ات زخمى است"
841,"مل","أن أنار ٚ مزه مله","گس","مزه این انار گس است"
842,"من","من بۊشؤم","من","من رفتم"
843,"مه ره","أ کفشأ مه ره بيهئم","براى خودم","این کفش را براى خودم خریدم"
844,"مي","مي مأر أمؤن دره","من","مادرم دارد مى‌آید"
845,"ميان","أ گب أمي ميان بمانه","بین","این حرف بین خودمان باشد"
846,"مچد","مچد شؤن دري؟","مسجد","به مسجد مى‌روى؟"
847,"مچه","أمين خۊ مچه ٰ عمل بۊکۊده","چانه","امین چانه‌اش را عمل کرده است"
848,"مک","مي سرأ مکأ کۊده","شوره سر","سرم شوره زده است"
849,"مۊران","آهين مۊران بزه","زنگ آهن","آهن زنگ زده است"
850,"مۊرجه","ايپچه مۊرجه دۊکۊن","عدس","کمی عدس بریز"
851,"مۊرغانه","دۊتا مۊرغانه بأور","تخم‌مرغ","دو عدد تخم‌مرغ بیاور"
852,"مۊرغانه دشکن","بیأ مۊرغانه دشکن چاکۊنيم","نیمرو","بیا نیمرو درست کنیم"
853,"مۊس","مۊس بۊکۊده","کپک","کپک زده است"
854,"مۊسافرت","أئي بيشيم مۊسافرت؟","مسافرت","می‌آیی به مسافرت برویم؟"
855,"نأرم","تي شۊمارهˈ نأرم","ندارم","شماره‌ات را ندارم"
856,"نأنسته-بؤ","نأنسته-بؤ أ کارأ بۊکۊده","ناآگاهانه","ناآگاهانه این کار را کرد"
857,"نؤبدان","اي نفرأ بأور نؤبدانأ چأکۊنه","ناودان","یک نفر را بیاور ناودان را درست کند"
858,"نؤرۊزبل","جلالي تقویم ٚ مئن ۱۷ مۊرداد نؤرۊزبله","نوروزبل","در تقویم جلالی ۱۷ مرداد نوروزبل است"
859,"نؤغان","أمأن گیلان ٚ مئن پۊر نؤغان دأریم","کرم ابریشم","ما در گیلان کرم‌های ابریشک زیادی داریم"
860,"نابراري","أن مي نابراري-يه","نابرادری","این نابرادری من است"
861,"ناجه","ناجه دأرم ايمرۊ بازي-يأ سر بيبيم","امید","امیدوارم امروز در بازی پیروز شویم"
862,"ناحق ؤ نابۊد","ناحق ؤ نابۊد کرأ زٚجٚر کشیم","به ناحق","به ناحق داریم زجر می‌کشیم"
863,"ناخبر","رضا ناخبر بامؤ أمي خانه","سرزده","رضا سرزده به خانه ما آمد"
864,"ناخۊش آوال","ايمرۊ ايپچه ناخۊش آوالم","مریض","امروز کمی مریض هستم"
865,"ناخۊن","مي پا ناخۊن بشکفته","ناخن","ناخن پایم شکست"
866,"ناخۊن","تي ناخۊنأ بيگير","ناخن","ناخون‌ات را بگیر"
867,"ناره","ناره کۊدن دره","نعره","دارد نعره می‌زند"
868,"نازبداشته","أمي زأکأن نازبداشته-ئيد","نازپرورده","بچه‌های ما نازپرورده هستند"
869,"ناسۊس","بۊشۊ ناسۊسأ بأور","تلمبه","برو تلمبه را بیاور"
870,"ناقلن","ناقلن تۊ أمي مرأ بيأ","لااقل","لااقل تو با ما بیا"
871,"ناکس","ناکس ٚ پۊشتين بؤستن نوأ","نامرد","از نامرد حمایت نکن"
872,"نتاج","أمان گيلک ٚ نتاجيم","نسل","ما از نسل گیلک هستیم"
873,"نجاق","نخأستي بأيه نجاق ٚ مرأ أنأ بأوردم","اجبار","نمى‌خواست بیاید به اجبار او را آوردم"
874,"ندار","ندار ٚ آدمه","فقیر","آدم فقیرى است"
875,"نشأ","راشيأ آب بيگيفته شؤن نشأ","نمى‌توان","آب جاده را فراگرفته است نمى‌توان رفت"
876,"نقل","ايتأ نقل بۊگۊ","داستان","یک داستان بگو"
877,"نم","أمي وسيلهˈنأ نم بزه","رطوبت","وسایل ما را رطوبت زده است"
878,"ننأ","فاکتؤران ميز ٚ سر ننأ","نیست","فاکتورها روى میز نیست"
879,"نهأن","پلايأ نهأن درم کله ٚ سر","گذاشتن","دارم پلو را روى گاز مى‌گذارم"
880,"نوأ","اۊتؤ گب زئن نوأ","نکن","آن طور صحبت نکن"
881,"نيده بيده","نيده بيده-کانأ مأنه","ندید بدید","مانند ندید بدیدها است"
882,"نيشت","همه-تا نيشت مئن ايسأبيد","نشست","همه آن‌ها در نشست بودند"
883,"نيشتاو","زأکي-يم نيشتاو بي","سرتق و لجوج","کودکى هم سرتق و لجوج بودى"
884,"نيميزگيره","درأ نيميزگيره وأکۊن","اندکى","در را اندکى باز کن"
885,"نيويره","مرأ سربسر نهأن نوأ نيويره بد ديني-يأ","وگرنه","من را اذیت نکن وگرنه بد مى‌بینى‌ها"
886,"نيويشتن","کيتاب نيويشتن درم","نوشتن","دارم کتاب می‌نویسم"
887,"نپج","أ نۊخۊدان نپجه","دیرپز","این نخودها دیرپز هستند"
888,"وأبرازه","أ پرهن ترأ وابرازه","شایسته است","این پیراهن شایسته تو است"
889,"وأجه","تي دۊماغأ اي چي وأجه","چسبیده است","چیزی روی بینی‌ات چسبیده است"
890,"وأده","أمرأ وأده بيگيفته","دعوت","ما را دعوت کرده است"
891,"وأسي","وأسي دۊ تا نان فگيفته-بيم","باید","باید دو عدد نان مى‌گرفتم"
892,"وأسي","ايمرۊ پۊر کار دأرم، هأن ٚ وأسي زۊد بأمؤم","به خاطر","امروز کارم زیاد است، به خاطر همین زود آمدم"
893,"وأمجي","چي ره وأمجي؟","جستجو می‌کنی","برای چه جستجو می‌کنی؟"
894,"وأمرازه","أ گبان ترأ وأمرازه","شایسته نیست","این حرف‌ها شایسته تو نیست"
895,"وأورس","اۊ زناکأ وأورس","بپرس","از آن زن بپرس"
896,"وأورسي","هرچي وأورسي ترأ گب بسرأ کۊنه","بپرسی","هر چه بپرسى حرف را عوض مى‌کند"
897,"وأچئن","خۊ خانه سرأ وأچئن دره","کندن","دارد سقف خانه‌اش را می‌کند"
898,"وأچۊک","دارأ وأچۊک","بچسب و بالا برو","به درخت بچسب و بالا برو"
899,"وأکفته","أمرأ وأکفته","پیله کرد","به ما پیله کرد"
900,"وأکفتيم","أمأن وأکفتيم","از پا افتادیم","ما از پا افتادیم"
901,"وأکۊده","مأمدأ وأکۊده بامؤ","رساند","محمد را (به مقصد) رساند و آمد"
902,"وأکۊن","درأ وأکۊن","باز کن","در را باز کن"
903,"وأگردان","أ کيتابأ تۊ وأگردان بۊکۊدي؟","ترجمه","این کتاب را تو ترجمه کردى؟"
904,"وأگردان","اۊ شامي-یأ وأگردان","پشت و رو کن","آن شامی را پشت و رو کن"
905,"وأگردانئده","أ خيابان ٚ ايسمأ وأگردانئده","تغییر داده‌اند","نام این خیابان را تغییر داده‌اند"
906,"وأگردانئم","کيتابأ وأگردانئم","عودت دادم","کتاب را عودت دادم"
907,"وأگيران","گازأ وأگيران","روشن کن","اجاق را روشن کن"
908,"وئر","تأني أ رۊخانأ وئر بزني؟","گذشتن از عرض رودخانه","مى‌توانى از عرض این رودخانه عبور کنى؟"
909,"وا","أيتأ اۊيتأ نأره همه وا بأئيد","باید","این و آن ندارد، همه باید بیایند"
910,"وا","سرد ٚ وا دمه","باد","باد سرد مى‌وزد"
911,"وا","هرچي خۊرم هنده مرأ وا","میل داشتن","هرچه مى‌خورم باز هم میل دارم"
912,"وابؤن","در وابؤ","باز شدن","در باز شد"
913,"واترکستم","خأنده جأ واترکستم","ترکیدم","از خنده ترکیدم"
914,"واتين","گيدي کؤرؤنا واتين دأره","مسرى","مى‌گویند کرونا مسرى است"
915,"واجؤر","أ بج واجؤر کۊنه","رى","این برنج رى مى‌کند"
916,"واجام","ميرزاقاسمي واجام ٚ جأ چأکۊده به","بادنجان","میرزاقاسمی از بادنجان درست می‌شود"
917,"واجاوره","هر چي خۊره واجاوره","قى می‌کند","هر چیزی مى‌خورد قى مى‌کند"
918,"واخان","أنأ واخان","دوباره بخوان","این را دوباره بخوان"
919,"واخب","أمان ديرۊ واخبأ بؤستيم","آگاه","ما دیروز آگاه شدیم"
920,"واخۊر","آب واخۊر","بنوش","آب بنوش"
921,"واد","ويريز تي وادأ بيگيرم","اندازه","بلند شو اندازه‌ات را بگیرم"
922,"واداشته","أمرأ واداشته أ سرد ٚ هوا دۊرۊن بئسيم","وادار کرد","ما را وادار کرد در این هواى سرد بمانیم"
923,"وارؤختن","گيلانأ وارؤختن درد","غارت کردن","دارند گیلان را غارت می‌کنند"
924,"وارستن","وارش وارستن دره","باریدن","دارد باران مى‌بارد"
925,"وارسي","ايپچه اۊشنتر همه ٰ وارسي کۊديد","بازرسی","کمى آن طرف‌تر همه را بازرسی می‌کردند"
926,"وارسي","وا أول وارسي بۊکۊنيد","تحقیق","باید ابتدا تحقیق کنید"
927,"وارش","ديرۊ وارش بامؤ","باران","دیروز باران آمد"
928,"واز","گؤزکايأ فأندر چۊتؤ واز کۊنه","پریدن","قورباغه را ببین که چطور می‌پرد"
929,"واز ؤ ولنگ","زاکان پارک ٚ دۊرۊن چي واز ؤ ولنگي کۊنيدي","جست و خیز","بچه‌ها در پارک چه جست و خیزى مى‌کنند"
930,"وازده","مرأ وازده بأورده","به تنگ آمدن","من را به تنگ آورده است"
931,"وازن","تي کفشأ وازن بيشيم","بپوش","کفش‌ات را بپوش برویم"
932,"واسئن","اۊن چیسه تي دينأ وأسئن دري؟","مالیدن","آن چیست داری به صورتت می‌مالی؟"
933,"واسرأ دأن","أمرأ واسرأ دأ","پى نخود سیاه فرستادن","ما را پى نخود سیاه فرستاد"
934,"واسۊجانه","أمي خۊنا واسۊجانه تا خۊ مدرکأ فأگيفت","سوزاند","خون ما را سوزاند تا مدرک‌اش را گرفت"
935,"واسۊخسته","ترأ واسۊخسته آدم هفتاد سال پاکي نأره","برخورد کرده","آدم به تو برخورد کند تا هفتاد سال پاک نیست"
936,"واش","گاب ٚ ره خاش فۊکۊنه سک ٚ ره واش","علف","براى گاو استخوان مى‌ریزد براى سگ علف"
937,"واشان","بۊشۊ جايأ واشان","پهن کن","برو رختخواب را پهن کن"
938,"واشکاف","أ پرهن ٚ درزأ واشکاف","بازکن","درز این پیراهن را باز کن"
939,"واشکاف","مرأ حالي نؤبؤسته، ايپچه واشکاف","بیشتر توضیح بده","متوجه نشدم، کمى بیشتر توضیح بده"
940,"واشکافيدي","باهار ٚ وخت گۊلان واشکافيدي","می‌شکفند","فصل بهار گل‌ها مى‌شکفند"
941,"والان","تي پرهنأ اۊيأ والان","آویزان کن","پیراهن‌ات را آن جا آویزان کن"
942,"والنگ","نيصف ٚ را والنگأ دأ","انصراف","نیمه راه انصراف داد"
943,"واليشتن","گاب خۊ مانده ٰ واليشتن دره","لیسیدن","گاو دارد گوساله‌اش را مى‌لیسد"
944,"وامختن","چي-يأ وأمختن دري؟","جستجو","چه چیزی را جستجو می‌کنی؟"
945,"واهيل","مي ديل واهيلأ بؤسته","بى‌تاب","دلم بى‌تاب شده است"
946,"واويجان","مائي-يأ خؤب واويجان","برشته کن","ماهى را خوب برشته کن"
947,"واوين","أ خالأ واوين","ببر","این شاخه را ببر"
948,"واپس","چي ره واپس شؤن دري؟","عقب","براى چه دارى به عقب مى‌روى؟"
949,"واپلکه","تيانأ بنه بدأ ايپچه واپلکه","خیس بخورد","دیگ را بگذار کمى خیس بخورد"
950,"واچرد","تا نانأ بيده نيصفأ وأچرد","تکه کرد","به محض دیدن نان نیمى از آن را تکه کرد"
951,"واکاريد","بعضي-يان خأئيد أمي ميانأ واکاريد","شکرآب کنند","بعضی‌ها می‌خواهند بین ما را شکرآب کنند"
952,"واکاشته","أمرأ أيأ واکاشته","منتظر گذاشت","ما را این‌جا منتظر گذاشت"
953,"واگير","أن ٚ مأر أن ٚ گبأ واگير کۊنه","تصدیق حرف","مادرش حرف او را تصدیق می‌کند"
954,"وخت","باهار ٚ وخت أيم گيلان","وقت","وقت بهار به گیلان مى‌آیم"
955,"ودره","اۊ ودرهˈ فأدن مرأ","سطل","آن سطل را به من بده"
956,"ورأچۊک","بامؤ أمي ورأچۊک بينيشته","در کنار","آمد در کنار ما نشست"
957,"ورجا","کيتابان أمد ٚ ورجا نهأ","نزد","کتاب‌ها نزد احمد است"
958,"ورف","أجۊر ورف کي تا هسأ بيده بۊ؟","برف","این‌گونه برف چه کسى تا حالا دیده بود؟"
959,"ورگ","ايتأ سيا ورگ بيدئم","گرگ","یک گرگ سیاه دیدم"
960,"وسته","هأنقد مرأ وسته","کافى است","همین قدر براى من کافى است"
961,"ول","آتش ٚ ولأ فأندر","شعله آتش","شعله آتش را نگاه کن"
962,"ولکي","ايپچه بئسيد ولکي أميرم بأيه","شاید","کمى صبر کنید شاید امیر هم بیاید"
963,"ولگ","مي اينستا ولگأ دأري؟","صفحه","صفحه اینستاگرام من را دارى؟"
964,"ولگ","پئيز ولگان خؤشگيلأ بيد","برگ","در پاییز برگ‌ها خوشگل می‌شوند"
965,"وهاشته","مي پئر مرأ وهاشته بأيم","اجازه داد","پدرم به من اجازه داد بیایم"
966,"ويريزانه","أمرأ أمي جا سر ويريزانه","بلند کرد","ما را از جایمان بلند کرد"
967,"ويريزانه","خاب ٚ جا أمرأ ويريزانه","بیدار کرد","ما را از خواب بیدار کرد"
968,"ويريشته","اۊن کيسه ويريشته؟","بلند شد","آن کیست که بلند شد؟"
969,"ويريشته","بۊشۊ بيدين زأى ويريشته؟","بیدار شد","برو ببین بچه بیدار شد؟"
970,"ويشتا","مرأ ويشتايه","گرسنه","گرسنه هستم"
971,"ويشتر","ويشتر آب دۊکۊن","بیشتر","بیشتر آب بریز"
972,"ويني زئک","تي دۊماغ ويني زئکأ پأکۊن","آب بینی","آب بینی‌ات را پاک کن"
973,"ويگير","گۊشي-يأ ويگير","بردار","گوشى را بردار"
974,"وٚلٚش","بيأ بيشيم وٚلٚش چيني","تمشک","بیا برویم تمشک بچینیم"
975,"ؤ","من ؤ حۊسئن دۊتائي شيم","و","من و حسین دو نفری می‌رویم"
976,"هأتؤ","حؤکمن هأتؤيه کي شۊمان گيد","همین‌طور","به احتمال قوی همین‌طور است که شما می‌گویید"
977,"هأنه","أمي دار ؤ ندار هأنه","همین است","دارایى ما همین است"
978,"هأچين","هأچين حق ٚ سأى بۊکۊديم","بیخود","بیخود تلاش کردیم"
979,"هأچين پلا","هأچين پلا خۊردأن درم","پلو خالی","دارم پلو خالی می‌خورم"
980,"هأچينه","خانه أثاثانأ هأچينه فأدأ بۊشؤ","رایگان","وسایل خانه را به رایگان داد رفت"
981,"هئن","چي هئن دري؟","خریدن","دارى چه مى‌خرى؟"
982,"هر ساعت دقه","هر ساعت دقه أيه أمي خانه","دم به دقیقه","دم به دقیقه به خانه ما مى‌آید"
983,"هرتا","هرتا گۊشي-يان ايتأ خؤبي دأريدي","هر کدام","هر کدام از گوشى‌ها یک خوبى دارند"
984,"هسأ","هسأ أيم","اکنون","اکنون مى‌آیم"
985,"هش","هش نفر بامؤئيد","هشت","هشت نفر آمدند"
986,"هف","هف نفر نامؤبيد","هفت","هفت نفر نیامده بودند"
987,"هف شب","فردأ مي جغله هف شبه","جشن شب هفت زایمان","فردا جشن شب هفت زایمان کودک من است"
988,"هلاچين","زاک ٚ ره صارا دۊرۊن هلاچين چأکۊدم","تاب","برای بچه در حیاط خانه تاب درست کردم"
989,"هلماله","هلماله اۊن ٚ ورجا نشم","هرگز","هرگز پیش او نمى‌روم"
990,"هم زاما","مي هم زاما هرشب أمي خانه ايسأ","باجناق","باجناق من هرشب خانه ما است"
991,"همه-دأنه","فردأ همه-دأنه أئيدي","همه آن‌ها","فردا همه آن‌ها مى‌آیند"
992,"هميشک","گيلان هميشک وارشي-يه","همواره","گیلان همواره بارانى است"
993,"هندم هۊندم","هندم هۊندمه کي واران بأيه","نزدیک","نزدیک است که باران بیاید"
994,"هني","هني وا بيشي","باز","باز باید بروی؟"
995,"هيزار","هيزار ريال دئه پۊل نيه","هزار","هزار ریال دیگر پول نیست"
996,"هيست","واران وارستي هيستأ بؤستم","خیس","باران مى‌بارید خیس شدم"
997,"هيل","ايپچه هيلم دۊکۊن","گشنیز","کمی گشنیز هم بریز"
998,"يأ","أنأ خأئي يأ اۊنأ؟","یا","این را مى‌خواهى یا آن را؟"
999,"ياره","خاليشواشأ فأدن مي مأر ته ره ياره","می‌ساید","پونه را به مادرم بده براى تو مى‌ساید"
1000,"ياور","تأنيد مرأ ياور بديد؟","کمک","مى‌توانید به من کمک کنید؟"
